,0
0,klusterlet-85dd9df585-9xb42
1,klusterlet-registration-agent-799df588c8-4q5b9
2,klusterlet-registration-agent-799df588c8-fsbdm
3,klusterlet-registration-agent-799df588c8-plmt5
4,klusterlet-work-agent-7965bf9b-4bd9h
5,klusterlet-work-agent-7965bf9b-fg4g6
6,klusterlet-work-agent-7965bf9b-kj9cf
7,klusterlet-addon-appmgr-9c4cc964c-7c48k
8,klusterlet-addon-certpolicyctrl-bbfcf6f8c-swsm4
9,klusterlet-addon-iampolicyctrl-68dcc6b9d7-h4wwn
10,klusterlet-addon-operator-794759466f-wjcjf
11,klusterlet-addon-policyctrl-config-policy-7f748c8bf-gl8m9
12,klusterlet-addon-policyctrl-framework-cb6566b56-6bgtk
13,klusterlet-addon-search-69b57bbf74-fcgp4
14,klusterlet-addon-workmgr-6445bfbf87-k4rlm
15,authentication-operator-7dd9cb95c6-zfk48
16,cloud-credential-operator-85897fdddc-cwbrz
17,pod-identity-webhook-5c56f945cd-cbgxz
18,aws-ebs-csi-driver-controller-65655c5798-ftjwv
19,aws-ebs-csi-driver-controller-65655c5798-jfl2f
20,aws-ebs-csi-driver-node-2lv5f
21,aws-ebs-csi-driver-node-8l5ld
22,aws-ebs-csi-driver-node-8ldt7
23,aws-ebs-csi-driver-node-b74tr
24,aws-ebs-csi-driver-node-gprzt
25,aws-ebs-csi-driver-node-h7v66
26,aws-ebs-csi-driver-node-hjht6
27,aws-ebs-csi-driver-node-k7nbh
28,aws-ebs-csi-driver-operator-87d78496b-6wtr9
29,tuned-5pgfh
30,tuned-6dws8
31,tuned-6z2pp
32,tuned-bcnbt
33,tuned-nm9cw
34,tuned-qhsqg
35,tuned-trxjx
36,tuned-xfs6s
37,csi-snapshot-controller-6d454cc9dc-88hbq
38,csi-snapshot-controller-6d454cc9dc-9hwpv
39,csi-snapshot-controller-operator-64f4d7988b-m5bgc
40,csi-snapshot-webhook-5bb5cbc9df-l25z9
41,csi-snapshot-webhook-5bb5cbc9df-zmzmz
42,console-76c94f4f68-hxntx
43,console-76c94f4f68-wddhm
44,downloads-5564595dd-6hls4
45,downloads-5564595dd-pwvdz
46,console-operator-77876df86f-s646m
47,node-resolver-4s2q4
48,node-resolver-c4g2k
49,node-resolver-dl7sb
50,node-resolver-fgbv7
51,node-resolver-hmnt6
52,node-resolver-kg54n
53,node-resolver-svsbl
54,node-resolver-wvk57
55,node-ca-5jsk9
56,node-ca-899jf
57,node-ca-gmtj9
58,node-ca-k774v
59,node-ca-ps44w
60,node-ca-rv26f
61,node-ca-rwjff
62,node-ca-xsnq4
63,router-default-7996b89ccd-99ngm
64,router-default-7996b89ccd-gx2vx
65,ingress-canary-bstmj
66,ingress-canary-pbssh
67,ingress-canary-tzlqg
68,ingress-canary-wmj7z
69,ingress-canary-x8t2j
70,ingress-operator-967bccb9-qx7kd
71,insights-operator-6fb4965cdf-64w57
72,migrator-7dc7c5855b-tsmnw
73,kube-storage-version-migrator-operator-b7fdd58b4-9vtg9
74,collector-27hk8
75,collector-2tbs2
76,collector-47dx4
77,collector-4k9tv
78,collector-4krcc
79,collector-dchxm
80,collector-kgbbs
81,collector-x49jc
82,certified-operators-5zlnb
83,certified-operators-g6gw8
84,certified-operators-mvj8s
85,certified-operators-wrlqj
86,community-operators-2z27f
87,community-operators-6mwpl
88,community-operators-fm9wh
89,community-operators-k4knj
90,community-operators-mjz9s
91,community-operators-rxtmf
92,marketplace-operator-64d88db5df-84m6r
93,redhat-marketplace-6hwnf
94,redhat-marketplace-6kq5g
95,redhat-marketplace-8d4td
96,redhat-marketplace-96bpw
97,redhat-marketplace-sdhv6
98,redhat-marketplace-tjqd8
99,redhat-marketplace-vn9mp
100,redhat-operators-2ggps
101,redhat-operators-5c942
102,redhat-operators-8bcbq
103,redhat-operators-mj6tw
104,redhat-operators-qlhm2
105,alertmanager-main-0
106,alertmanager-main-1
107,alertmanager-main-2
108,grafana-6548656d76-fmdw2
109,kube-state-metrics-7465945b46-fnqj6
110,node-exporter-4pt8k
111,node-exporter-9hc5d
112,node-exporter-bkkfx
113,node-exporter-jcx76
114,node-exporter-jrg89
115,node-exporter-njxdd
116,node-exporter-r69xg
117,node-exporter-skt5q
118,telemeter-client-dc76666c5-wdbpr
119,thanos-querier-6488c54674-5d8rl
120,thanos-querier-6488c54674-hcfl7
121,multus-68jhk
122,multus-9ghnx
123,multus-additional-cni-plugins-7x4qb
124,multus-additional-cni-plugins-8jztv
125,multus-additional-cni-plugins-fhb52
126,multus-additional-cni-plugins-pctvr
127,multus-additional-cni-plugins-pfjtt
128,multus-additional-cni-plugins-xfnlm
129,multus-additional-cni-plugins-zgq9b
130,multus-additional-cni-plugins-zrh6d
131,multus-admission-controller-24htz
132,multus-admission-controller-l8kd8
133,multus-admission-controller-x9wvs
134,multus-cdhqg
135,multus-f47bl
136,multus-hhvk4
137,multus-mk5lr
138,multus-mshc5
139,multus-xrmnn
140,network-metrics-daemon-4594l
141,network-metrics-daemon-6s8gm
142,network-metrics-daemon-9gxxn
143,network-metrics-daemon-h9x6l
144,network-metrics-daemon-k22wx
145,network-metrics-daemon-srkz9
146,network-metrics-daemon-tghw7
147,network-metrics-daemon-v5fq7
148,network-operator-7f7cc8bf58-4rh4d
149,catalog-operator-775b6fc4c6-4bqkv
150,olm-operator-7b4997f4f9-dhn66
151,packageserver-68574b8479-4st2n
152,packageserver-68574b8479-h6v8t
153,cert-manager-849bfd44bf-m7qwx
154,cert-manager-cainjector-787cb5465-j9hqv
155,cert-manager-webhook-76b6cdff79-crc7q
156,service-ca-69cc8ddbd9-vlt8d
157,service-ca-operator-5d76f8948f-hvb5v
158,thanos-ruler-user-workload-0
159,thanos-ruler-user-workload-1
160,kafka-kafdrop-4-xkczm
161,opf-kafka-entity-operator-f6959744c-8q55f
162,opf-kafka-kafka-0
163,opf-kafka-kafka-1
164,opf-kafka-kafka-2
165,opf-kafka-zookeeper-0
166,opf-kafka-zookeeper-1
167,opf-kafka-zookeeper-2
168,strimzi-cluster-operator-v0.28.0-559f5bc947-vzppx
169,k8s-annotations-exporter-859ddb9549-dtk8x
170,amun-api-9-gz655
171,argo-server-b4b574bf-22cn4
172,dependency-monkey-220513001020-b059fe4ffcf3138d-2947316692
173,dependency-monkey-220513010812-cdbe927d073cf261-3280931650
174,inspection-test-220513000012-d0d894dcfaf3e4b6-1-build
175,inspection-test-220513000012-d0d894dcfaf3e4b6-1982204762
176,inspection-test-220513000012-d0d894dcfaf3e4b6-2125515128
177,adviser-220512073303-d3981a0519955675-3945428915
178,adviser-220512092534-3b7def1e4508029a-3029980126
179,adviser-220512130851-d473b8a26f36f4cd-186351364
180,adviser-220512175128-ba7a84681bfd200f-3638592945
181,adviser-220512190354-2ec6213fbbd9a8fc-1160621234
182,adviser-220513023424-7e721f2f48d75233-59889093
183,adviser-220513034335-91505fbe98d1ad93-1493662254
184,adviser-220513080858-b3c7a245fe08b5f3-3899042395
185,adviser-220513084729-5627d4553f54e351-2064220292
186,adviser-220513090714-e02ce4ba76cd2bff-3127266927
187,adviser-220513094752-da4c94bbb7a973c6-3821295714
188,adviser-220513095352-f4fbe743157edb5e-3227287863
189,argo-server-7f87859f85-cvvmf
190,kebechet-job-220512073230-5d9c76298004633b-1892257525
191,kebechet-job-220512123326-89c2fab050afd056-3280987434
192,kebechet-job-220512123339-c526abd710c29771-2187885132
193,kebechet-job-220512143016-c890b9570428019d-387387991
194,kebechet-job-220512143106-f17af66feb489c1c-3448553430
195,kebechet-job-220512144052-bf6ff253fea2d3df-3303366138
196,kebechet-job-220512144054-95ac75ca53293791-1628679866
197,kebechet-job-220512144250-b2a7ee10e792670b-1411039718
198,kebechet-job-220512145449-e20287a4c23b92f0-1278289776
199,kebechet-job-220512162251-b476117d3011228e-3634860114
200,kebechet-job-220512162253-34ac84ea13f41e65-546763308
201,kebechet-job-220512164251-e2ba18467545ba41-1217399888
202,kebechet-job-220513021236-ae9484d7976fcc5-1222405039
203,kebechet-job-220513071955-52b3d0d3e0edfdcf-3837210739
204,cve-update-27540000-2gktd
205,management-api-9-tbtsz
206,user-api-15-lkkkn
207,graph-metrics-exporter-27538920-rbllq
208,graph-metrics-exporter-27538980-kgcn2
209,graph-metrics-exporter-27539160-vdhfq
210,graph-metrics-exporter-27539220-dmg98
211,graph-metrics-exporter-27539460-zkjhj
212,graph-metrics-exporter-27539520-9gsgc
213,graph-metrics-exporter-27539580-rq5zh
214,graph-metrics-exporter-27539640-ws6rw
215,graph-metrics-exporter-27539700-fbjdw
216,graph-metrics-exporter-27539760-m65jl
217,graph-metrics-exporter-27539820-vbpcp
218,graph-metrics-exporter-27539880-644tg
219,graph-metrics-exporter-27539940-lvcgj
220,graph-metrics-exporter-27540000-lnpht
221,graph-metrics-exporter-27540060-qs4qw
222,graph-metrics-exporter-27540240-8sdqq
223,graph-metrics-exporter-27540300-979qz
224,graph-metrics-exporter-27540360-gxsgf
225,graph-metrics-exporter-27540420-h76dz
226,graph-metrics-exporter-27540480-mrk89
227,graph-metrics-exporter-27540540-pmbj4
228,pgbouncer-1-6vdrt
229,pgweb-2-w2q7k
230,postgres-metrics-exporter-2-z9gcn
231,postgresql-1-bkcsx
232,investigator-consumer-6-xdhzs
233,investigator-message-metrics-5-knwkp
234,metrics-exporter-9-58jrl
235,pushgateway-1-tf8k4
236,argo-server-6b5667f7cd-d6d8c
237,package-extract-220512144601-fdfdd55b06afa06b-90604244
238,package-extract-220512145924-458458d8c0635ef1-444793902
239,package-extract-220512162941-5a52b305a3daa86b-414070464
240,solver-rhel-8-py38-220513020644-29e19a3ce7e92772-249568267
241,klusterlet-85dd9df585-4ct5k
242,klusterlet-registration-agent-7776cdfc7b-8bfnh
243,klusterlet-registration-agent-7776cdfc7b-scmx8
244,klusterlet-registration-agent-7776cdfc7b-sz5xd
245,klusterlet-work-agent-6c5fc75b6b-5672w
246,klusterlet-work-agent-6c5fc75b6b-d9g9f
247,klusterlet-work-agent-6c5fc75b6b-vs48n
248,klusterlet-addon-appmgr-8c88f8b75-srdmn
249,klusterlet-addon-certpolicyctrl-569d56c6c7-9pfcz
250,klusterlet-addon-iampolicyctrl-849d554df9-x2m47
251,klusterlet-addon-operator-794759466f-dnksk
252,klusterlet-addon-policyctrl-config-policy-85b9966949-7rwzb
253,klusterlet-addon-policyctrl-framework-55566fcbb6-w5cs8
254,klusterlet-addon-search-56b77b84f4-dj87r
255,klusterlet-addon-workmgr-69df98946f-lsxkn
256,authentication-operator-8fcbc484-24vdd
257,cloud-credential-operator-787dbcbf7-9mkgx
258,tuned-4gb79
259,tuned-7zlgv
260,tuned-d4tvp
261,tuned-l9ljr
262,tuned-pzx44
263,tuned-wmnkx
264,csi-snapshot-controller-7d59fd7fcf-266br
265,csi-snapshot-controller-7d59fd7fcf-79qlw
266,csi-snapshot-controller-operator-c5bd4bd55-mqjmw
267,csi-snapshot-webhook-b6db45794-8jwvf
268,csi-snapshot-webhook-b6db45794-qff25
269,bridge-marker-5k6f7
270,bridge-marker-94jkx
271,bridge-marker-dlxpr
272,bridge-marker-gkqpt
273,bridge-marker-kh5bn
274,bridge-marker-rskwr
275,cdi-apiserver-7466957b47-xshr7
276,cdi-deployment-7858f8d5cc-qp5l5
277,cdi-operator-578cd8ffc5-tjz59
278,cdi-uploadproxy-6949ddf7cd-qtwl7
279,hco-operator-6f64f85f8b-bx6k8
280,hco-webhook-554b4d8d94-xhxdr
281,hostpath-provisioner-operator-598c58fdcb-n65sh
282,kube-cni-linux-bridge-plugin-8bkw7
283,kube-cni-linux-bridge-plugin-fcvvv
284,kube-cni-linux-bridge-plugin-gnk5l
285,kube-cni-linux-bridge-plugin-kvv7w
286,kube-cni-linux-bridge-plugin-p64hs
287,kube-cni-linux-bridge-plugin-tvxtk
288,kubemacpool-cert-manager-6f8fbb665d-v4g8v
289,kubemacpool-mac-controller-manager-8c555448c-7664k
290,node-maintenance-operator-5977f7fc57-qplm5
291,ssp-operator-56c4f8b998-vc4fw
292,vm-import-controller-749f7567b9-97fwk
293,vm-import-operator-5c7dfc6674-gtc59
294,console-657646547f-jbnp6
295,console-657646547f-mrtzk
296,downloads-89bbbdfff-2467g
297,downloads-89bbbdfff-wwr5j
298,console-operator-9c6db585-f6bbz
299,node-resolver-7b6gr
300,node-resolver-7vxns
301,node-resolver-h2k42
302,node-resolver-md7xl
303,node-resolver-n6vd9
304,node-resolver-ncxcv
305,node-ca-9zp2v
306,node-ca-fvknx
307,node-ca-rl9hw
308,node-ca-tpl89
309,node-ca-vvjdb
310,node-ca-wxnwx
311,router-default-7c86b4fbb-lvfvh
312,router-default-7c86b4fbb-xfxs4
313,ingress-canary-2fbhx
314,ingress-canary-gqrxt
315,ingress-canary-slst6
316,ingress-operator-7b876f8cff-l4hf4
317,insights-operator-684b5679-2kbvm
318,migrator-f8c949d6d-sg2z5
319,kube-storage-version-migrator-operator-7d65c77f94-mtr7w
320,diskmaker-discovery-gl7xj
321,diskmaker-discovery-qwqbw
322,diskmaker-discovery-r4fzh
323,diskmaker-manager-ct67x
324,diskmaker-manager-k52qh
325,diskmaker-manager-ksnmc
326,local-storage-operator-7b9c7499b-n6jcj
327,certified-operators-dsmx5
328,certified-operators-g2s6t
329,certified-operators-tngs2
330,community-operators-8sqtf
331,community-operators-96q22
332,community-operators-gllgp
333,community-operators-mf6jm
334,community-operators-rq5jr
335,marketplace-operator-56c4446d89-7gzcc
336,redhat-marketplace-4f9fk
337,redhat-marketplace-cktv8
338,redhat-marketplace-k557v
339,redhat-marketplace-mrd8p
340,redhat-marketplace-v7jvf
341,redhat-marketplace-wlvhh
342,redhat-operators-8gz4q
343,redhat-operators-8jfs2
344,redhat-operators-ctmh6
345,redhat-operators-gflgj
346,redhat-operators-xvlpm
347,alertmanager-main-0
348,alertmanager-main-1
349,alertmanager-main-2
350,grafana-5b547b95d8-c66b7
351,kube-state-metrics-6948b56bbf-qlnfr
352,node-exporter-cqsz4
353,node-exporter-crlqq
354,node-exporter-kvpn9
355,node-exporter-kzs8g
356,node-exporter-ss7cj
357,node-exporter-zxcpg
358,telemeter-client-84fdd798b5-kx4vw
359,thanos-querier-5b64ddb796-f66v2
360,thanos-querier-5b64ddb796-nk4p9
361,multus-9vbzd
362,multus-additional-cni-plugins-27wmw
363,multus-additional-cni-plugins-hjfh2
364,multus-additional-cni-plugins-qrgvl
365,multus-additional-cni-plugins-s27ww
366,multus-additional-cni-plugins-s7l4m
367,multus-additional-cni-plugins-ttj6t
368,multus-admission-controller-2645x
369,multus-admission-controller-5nwcd
370,multus-admission-controller-lwldj
371,multus-cjrwt
372,multus-dfxf5
373,multus-jmflf
374,multus-mnqvz
375,multus-pbdqb
376,network-metrics-daemon-9zr6g
377,network-metrics-daemon-bssrs
378,network-metrics-daemon-frq8s
379,network-metrics-daemon-jf5d5
380,network-metrics-daemon-sx27l
381,network-metrics-daemon-wx95q
382,network-operator-5dc9548b7f-zq5js
383,catalog-operator-744b987d5c-jfkwl
384,olm-operator-858588f97b-bz6zz
385,packageserver-57965fd9dd-vt4lv
386,packageserver-57965fd9dd-w45sw
387,ovn-ipsec-7x5tz
388,ovn-ipsec-9vbd2
389,ovn-ipsec-bsnt2
390,ovn-ipsec-spfbm
391,ovn-ipsec-wqvqs
392,ovn-ipsec-xdrdz
393,ovnkube-master-64l6n
394,ovnkube-master-nrp22
395,ovnkube-master-p9n2h
396,ovnkube-node-2j9nm
397,ovnkube-node-85zf4
398,ovnkube-node-h6rmc
399,ovnkube-node-hxv9h
400,ovnkube-node-sj466
401,ovnkube-node-wbjzb
402,tekton-operator-proxy-webhook-85fd964994-x4vl9
403,tekton-pipelines-controller-8f8ccf45c-spk7j
404,tekton-pipelines-webhook-744fbfbf89-w5d7n
405,tekton-triggers-controller-857bbfdcb6-8kzm8
406,tekton-triggers-core-interceptors-7f7776d67d-6pmxf
407,tekton-triggers-webhook-67ddb4dd56-l26hl
408,service-ca-58cf65dc65-hqhj2
409,service-ca-operator-c95948678-kx6lb
410,csi-cephfsplugin-mbbdz
411,csi-cephfsplugin-phsxm
412,csi-cephfsplugin-phv8g
413,csi-cephfsplugin-provisioner-5bb7dfb996-f6vwk
414,csi-cephfsplugin-provisioner-5bb7dfb996-k9j9x
415,csi-rbdplugin-dcnx8
416,csi-rbdplugin-provisioner-54bf4f7fdc-jxw42
417,csi-rbdplugin-provisioner-54bf4f7fdc-ndz2p
418,csi-rbdplugin-v9p6h
419,csi-rbdplugin-z29lq
420,noobaa-core-0
421,noobaa-db-pg-0
422,noobaa-endpoint-588c77bb6f-jfgvm
423,noobaa-operator-54c576b948-z4pdh
424,rook-ceph-crashcollector-host05.emea.operate-first.cloud-89pnf7
425,rook-ceph-crashcollector-host06.emea.operate-first.cloud-7dz7lm
426,rook-ceph-crashcollector-host07.emea.operate-first.cloud-7tdfxq
427,rook-ceph-mds-ocs-storagecluster-cephfilesystem-a-6dc67bb596757
428,rook-ceph-mds-ocs-storagecluster-cephfilesystem-b-688748c4svxdp
429,rook-ceph-mgr-a-dd6659bb8-4j872
430,rook-ceph-mon-a-bd9c8bc5f-csgt7
431,rook-ceph-mon-c-57ccbf89c5-xslxp
432,rook-ceph-mon-d-ddfbfffd5-vktwp
433,rook-ceph-operator-6678fd45b9-t8xj8
434,rook-ceph-osd-0-855dc5bfc8-dzddm
435,rook-ceph-osd-1-7d47475448-drz62
436,rook-ceph-osd-2-86bf5484b9-pm4fp
437,rook-ceph-rgw-ocs-storagecluster-cephobjectstore-a-5cc967cc8ptz
438,rook-ceph-tools-5fd89dd488-plqgb
439,thanos-ruler-user-workload-0
440,thanos-ruler-user-workload-1
441,github-receiver-7857745954-2fcqz
442,kafka-kafdrop-2-nc2pc
443,opf-kafka-entity-operator-f6959744c-jchdz
444,opf-kafka-kafka-0
445,opf-kafka-kafka-1
446,opf-kafka-kafka-2
447,opf-kafka-kafka-3
448,opf-kafka-kafka-4
449,opf-kafka-zookeeper-0
450,opf-kafka-zookeeper-1
451,opf-kafka-zookeeper-2
452,opf-kafka-zookeeper-3
453,opf-kafka-zookeeper-4
454,strimzi-cluster-operator-v0.27.1-8948f8fcd-7755g
455,grafana-operator-6d8ddc5b4f-hzlqf
456,argo-server-9b5d95f4c-mvb7s
457,thoth-station-website-2-bssz5
458,thoth-station-website-2-gqnrj
459,thoth-station-website-2-qv9r5
460,application-chart-4ad52-applicationui-655664c58-5wsxb
461,application-chart-4ad52-applicationui-655664c58-klmfx
462,application-chart-4ad52-consoleapi-5ddffff79d-7lxhv
463,application-chart-4ad52-consoleapi-5ddffff79d-r5x9x
464,console-chart-05062-console-v2-6546579c7-9nhbf
465,console-chart-05062-console-v2-6546579c7-v958b
466,discovery-operator-85574d4469-dbxnc
467,grc-422d8-grcui-6c86b5fbb7-5q6b5
468,grc-422d8-grcui-6c86b5fbb7-5zm4d
469,grc-422d8-grcuiapi-58bcd4b9b6-l5x2c
470,grc-422d8-grcuiapi-58bcd4b9b6-z28r5
471,grc-422d8-policy-propagator-65dc5f84d8-4snl9
472,grc-422d8-policy-propagator-65dc5f84d8-t7qgc
473,hive-operator-6c8f9444cf-jgzzz
474,infrastructure-operator-5b65fcc9d4-c9w4p
475,klusterlet-addon-controller-v2-7dcb479b4b-dbddr
476,klusterlet-addon-controller-v2-7dcb479b4b-ktwfh
477,managedcluster-import-controller-v2-f9f7fdf9b-8ch5h
478,managedcluster-import-controller-v2-f9f7fdf9b-ll7g8
479,management-ingress-c0398-c44bd49d9-mhf28
480,management-ingress-c0398-c44bd49d9-st6wd
481,multicluster-observability-operator-658dcf4f7d-c9c56
482,multicluster-operators-application-748fc69f6d-zv4c9
483,multicluster-operators-channel-69fd5494d9-lrj8d
484,multicluster-operators-hub-subscription-66497f6c68-zxgc4
485,multicluster-operators-standalone-subscription-8666558c5c-lf9ss
486,multiclusterhub-operator-564d64bc8d-gm8kb
487,multiclusterhub-repo-566c6dff97-7lpq2
488,policyreport-9f1b0-insights-client-6854899578-92l7f
489,policyreport-9f1b0-metrics-7bfcf4dcc7-wdlvg
490,provider-credential-controller-64898b9c7d-vjmfj
491,search-operator-6989bb56b8-scnsz
492,search-prod-98d13-search-aggregator-54b5f8dbbc-8hb6h
493,search-prod-98d13-search-api-544f9b4fb8-8vcbn
494,search-prod-98d13-search-api-544f9b4fb8-bwcsp
495,search-prod-98d13-search-collector-5f5cb9dbd6-x6xj6
496,search-redisgraph-0
497,search-ui-746b8669d8-ldsj8
498,search-ui-746b8669d8-mdb8q
499,submariner-addon-84bbbbc544-74rrk
500,argocd-application-controller-0
501,argocd-applicationset-controller-5558c458d5-j82xz
502,argocd-dex-server-865f44c5f-rj52m
503,argocd-notifications-controller-f9f479494-sz79g
504,argocd-redis-5945dcfb89-xlx62
505,argocd-repo-server-84f69dddb5-ktb97
506,argocd-server-764448574-44l8l
507,moc-nfs-democratic-csi-controller-5746bf59c8-cj5q8
508,moc-nfs-democratic-csi-node-6c7xv
509,moc-nfs-democratic-csi-node-97jxf
510,moc-nfs-democratic-csi-node-pfv67
511,hive-clustersync-0
512,hive-controllers-7896566f8d-vfkjw
513,hiveadmission-7c9dc68dc4-fnwls
514,hiveadmission-7c9dc68dc4-jmzxd
515,idp-mgmt-installer-controller-manager-74484b54b-hrpxf
516,idp-mgmt-operator-manager-758f444747-jrzzq
517,idp-mgmt-webhook-service-76f4cd849f-lkch7
518,dex-operator-5d897d76db-hzlzw
519,dex-server-574944bb7d-jctwv
520,dex-server-74994cf8bb-45rct
521,keycloak-0
522,keycloak-postgresql-75d94cb689-pkzfd
523,rhsso-operator-7d84c687c9-v9pl9
524,klusterlet-85dd9df585-4d79l
525,klusterlet-registration-agent-54ccdb6d79-86m22
526,klusterlet-registration-agent-54ccdb6d79-92bl8
527,klusterlet-registration-agent-54ccdb6d79-cvgqt
528,klusterlet-work-agent-669c996b89-5c6v7
529,klusterlet-work-agent-669c996b89-7xflx
530,klusterlet-work-agent-669c996b89-n25db
531,klusterlet-addon-appmgr-7d66c46fb7-5bwdr
532,klusterlet-addon-certpolicyctrl-d886ddb8d-zzw4g
533,klusterlet-addon-iampolicyctrl-58cc78cc65-psfz7
534,klusterlet-addon-operator-794759466f-jczdt
535,klusterlet-addon-policyctrl-config-policy-675f6dfcc7-j9s5k
536,klusterlet-addon-policyctrl-framework-54745dbdc5-t6dzf
537,klusterlet-addon-workmgr-5dddd7fd55-h94xn
538,authentication-operator-8fcbc484-rxnn4
539,cloud-credential-operator-787dbcbf7-g5z6r
540,tuned-9gkk4
541,tuned-vwbzp
542,tuned-xztlr
543,csi-snapshot-controller-7d59fd7fcf-cqc76
544,csi-snapshot-controller-7d59fd7fcf-nkkcg
545,csi-snapshot-controller-operator-c5bd4bd55-7797d
546,csi-snapshot-webhook-b6db45794-jdl9h
547,csi-snapshot-webhook-b6db45794-xcw5p
548,console-6fcd6795cf-cf8fx
549,console-6fcd6795cf-n6p28
550,downloads-89bbbdfff-c8cfz
551,downloads-89bbbdfff-lxcww
552,console-operator-9c6db585-h8pf8
553,node-resolver-hf4vl
554,node-resolver-hj7sq
555,node-resolver-xzd5f
556,node-ca-966xl
557,node-ca-ffhw4
558,node-ca-q8ss5
559,router-default-5b656b75bd-sxsb2
560,router-default-5b656b75bd-zcn64
561,ingress-canary-5pqjp
562,ingress-canary-69kdw
563,ingress-canary-srtbm
564,ingress-operator-7b876f8cff-82w8p
565,insights-operator-684b5679-dfp79
566,migrator-f8c949d6d-p9gpl
567,kube-storage-version-migrator-operator-7d65c77f94-4rtq2
568,collector-cmgdr
569,collector-kmbjx
570,collector-ln82z
571,metal3-5cfd8454d5-7qfgk
572,metal3-image-cache-22mms
573,metal3-image-cache-kslwh
574,metal3-image-cache-mmzn2
575,certified-operators-dfphl
576,certified-operators-kbhh6
577,certified-operators-kzjb6
578,certified-operators-mndzq
579,community-operators-4kksd
580,community-operators-592qm
581,community-operators-ljxsv
582,community-operators-p9n52
583,community-operators-zg948
584,marketplace-operator-56c4446d89-gpbn4
585,redhat-marketplace-8kgpp
586,redhat-marketplace-bk6dh
587,redhat-marketplace-bpgdf
588,redhat-marketplace-ffrtp
589,redhat-marketplace-njzvx
590,redhat-marketplace-q46kw
591,redhat-marketplace-rf7bb
592,redhat-marketplace-rzldp
593,redhat-operators-gjk2z
594,redhat-operators-jkblv
595,redhat-operators-llvhg
596,redhat-operators-wtq49
597,redhat-operators-zzx2x
598,alertmanager-main-0
599,alertmanager-main-1
600,alertmanager-main-2
601,grafana-5b547b95d8-6pb7t
602,kube-state-metrics-6948b56bbf-knf24
603,node-exporter-2mlnj
604,node-exporter-jbwbn
605,node-exporter-rsqzv
606,telemeter-client-6dfbc896f7-9hkrm
607,thanos-querier-69d86d997-8zwvd
608,thanos-querier-69d86d997-qf4fp
609,multus-5z4q8
610,multus-additional-cni-plugins-8mgj4
611,multus-additional-cni-plugins-xb8zl
612,multus-additional-cni-plugins-xjszz
613,multus-admission-controller-5vl57
614,multus-admission-controller-68rxv
615,multus-admission-controller-77td9
616,multus-f62l9
617,multus-z7v7m
618,network-metrics-daemon-5tzxq
619,network-metrics-daemon-bfb7b
620,network-metrics-daemon-llk42
621,network-operator-5dc9548b7f-zb7mr
622,catalog-operator-744b987d5c-l68hh
623,olm-operator-858588f97b-spclw
624,packageserver-5947498694-6z9rm
625,packageserver-5947498694-8dfmf
626,cert-manager-59c7b9c96-7qgvc
627,cert-manager-cainjector-687ff8649b-2vws8
628,cert-manager-webhook-6785b854b6-7z9zx
629,devworkspace-controller-59b64c6ddc-zm7sf
630,devworkspace-webhook-server-695868649d-tvl7n
631,ovnkube-master-9r6dv
632,ovnkube-master-h748s
633,ovnkube-master-s4rgb
634,ovnkube-node-nm2dw
635,ovnkube-node-th5zk
636,ovnkube-node-v9cfx
637,service-ca-58cf65dc65-4k27v
638,service-ca-operator-c95948678-ssk95
639,thanos-ruler-user-workload-0
640,thanos-ruler-user-workload-1
641,github-receiver-59b79dd7bd-2jzqz
642,k8s-annotations-exporter-859ddb9549-zm7nx
643,meteor-26nt9-jupyterbook-b9d65c846-vxj44
644,meteor-7g2b7-jupyterbook-75dcbb5464-n54tf
645,meteor-9jh2c-jupyterbook-74b9dc5889-ph6rp
646,meteor-brpkp-jupyterbook-645986c47b-5j56g
647,meteor-gfkkr-jupyterbook-5f6768694d-7mkvk
648,meteor-hbk8z-jupyterbook-74b78d55bb-5ntsh
649,meteor-jh2ml-jupyterbook-7fbc99bbcd-6jsc4
650,meteor-operator-controller-manager-7b6f5575d5-l5czm
651,meteor-shower-587c4985d7-m9zxw
652,meteor-shower-perseids-697dd6b9f7-l6lv9
653,meteor-w2wpk-jupyterbook-5fffc954b8-7c8b2
654,pushgateway-6d75f79b95-g5khz
655,ads-ui-4-t2j85
656,api-designer-poc-7-djwgs
657,apicurio-bot-75dc486b59-sz2wt
658,apicurio-registry-c89c8df66-l6kzs
659,apicurio-registry-mt-6dc6b6bb67-tvc2j
660,apicurio-registry-mt-ui-mt-6cf7574bf9-m9qqw
661,apicurio-registry-postgresql-mt-6b5b966997-v5rb4
662,limitador-mt-6f77565645-sqgml
663,b4mad-racing-influxdb2-fc859c95d-99fsh
664,b4mad-racing-mosquitto-5f46f4bf9-gbghr
665,b4mad-racing-telegraf-7b4f564957-lz24h
666,grafana-deployment-865df986d-z22nv
667,grafana-operator-controller-manager-54d6dd4768-hf5h2
668,moc-nfs-democratic-csi-controller-86568bf79c-zfpcl
669,moc-nfs-democratic-csi-node-4m8vz
670,moc-nfs-democratic-csi-node-5cmn9
671,moc-nfs-democratic-csi-node-6g6mg
672,moc-nfs-democratic-csi-node-6gc8q
673,moc-nfs-democratic-csi-node-6x9d9
674,moc-nfs-democratic-csi-node-82xvf
675,moc-nfs-democratic-csi-node-8wf69
676,moc-nfs-democratic-csi-node-bkgwb
677,moc-nfs-democratic-csi-node-djvbm
678,moc-nfs-democratic-csi-node-fj2xt
679,moc-nfs-democratic-csi-node-gwc6h
680,moc-nfs-democratic-csi-node-hcjjd
681,moc-nfs-democratic-csi-node-hq49r
682,moc-nfs-democratic-csi-node-j9csc
683,moc-nfs-democratic-csi-node-k8b6s
684,moc-nfs-democratic-csi-node-krsz7
685,moc-nfs-democratic-csi-node-mmkkq
686,moc-nfs-democratic-csi-node-nmwff
687,moc-nfs-democratic-csi-node-qm6b2
688,moc-nfs-democratic-csi-node-skkbh
689,moc-nfs-democratic-csi-node-sslmc
690,moc-nfs-democratic-csi-node-tgqnl
691,moc-nfs-democratic-csi-node-tpdtt
692,moc-nfs-democratic-csi-node-vcz9x
693,moc-nfs-democratic-csi-node-wn75t
694,moc-nfs-democratic-csi-node-wq2ll
695,dex-6b4c4d6d88-dvgxp
696,github-labeler-3-wbvst
697,build-log-clustering-sklearn-default-0-classifier-599d55ddfwwwd
698,demo-seldon-test-demo-predictor-0-demo-clf-76f57658dc-6g5tz
699,osg-metrics-27540000--1-lbj2z
700,osp-seldon-osp-pred-0-osp-clf-84679fd555-lhtpj
701,seldon-22fa50511a553f1fd1d58a44685461f7-5f66bd97d4-pg2ws
702,seldon-controller-manager-5848d46969-vp898
703,opf-external-secrets-645bfcc4-8jfdm
704,opf-external-secrets-7c65779dd5-ndv8q
705,opf-external-secrets-cert-controller-77fd6fd946-hrkjv
706,opf-external-secrets-cert-controller-f959cddb9-q6d49
707,opf-external-secrets-webhook-69bb94df46-r4zvw
708,opf-external-secrets-webhook-77875d98d7-vg2r6
709,localstack-5cd5d8777b-g46vf
710,my-notebook-fybrik-applications-arrow-flight-module-arrow-5wsmw
711,katalog-connector-67bf958f4c-69qhn
712,manager-6dc8b894f5-4l4p5
713,opa-569697f75c-57lm8
714,opa-connector-5bc8bd7fb4-9wqp8
715,vault-0
716,koku-metrics-controller-manager-784bf87577-n4kxg
717,koku-metrics-controller-manager-7c5c4cdf6-852pl
718,postgresql-1-xb5gk
719,metadata-envoy-deployment-5b4856dd5-24kh6
720,metadata-grpc-deployment-6b5685488-kwqmk
721,metadata-writer-6f47b6999-kf4g7
722,minio-8579d9b749-7m9hp
723,ml-pipeline-ff5574bbb-4dfs4
724,ml-pipeline-persistenceagent-668cc9fdb8-rb2wb
725,ml-pipeline-scheduledworkflow-575c8457dc-q9xhx
726,ml-pipeline-ui-7fb5d9ddd4-fxhx5
727,ml-pipeline-viewer-crd-5878c6454f-zzkgm
728,ml-pipeline-visualizationserver-6876996cdd-52pmc
729,mysql-f7b9b7dd4-l4bbk
730,final-presentn-rc-deployment-6748985f4f-9tkdg
731,memory-over-utilization-sindhu-7c697d9bbd-gx248
732,rc-cpu-over-utilization-5689c44cdc-6tkh4
733,rc-cpu-under-utilization-6d585c6dcf-skmzp
734,rc-replica-controller-2wf7g
735,rc-replica-controller-m84t4
736,rc-sindhu-mem-under-uti-d95bf66c9-5jwg9
737,selen-cpu-const-load-test-b9f9f4f87-mflbh
738,node-interface-labeler-4wsxs
739,node-interface-labeler-5mgbc
740,node-interface-labeler-5sxxv
741,node-interface-labeler-7fq9d
742,node-interface-labeler-7g2fq
743,node-interface-labeler-8f8rj
744,node-interface-labeler-cntm9
745,node-interface-labeler-cqmx9
746,node-interface-labeler-cwj2w
747,node-interface-labeler-czvw2
748,node-interface-labeler-g7z8p
749,node-interface-labeler-glk9h
750,node-interface-labeler-h8q6z
751,node-interface-labeler-j7pcp
752,node-interface-labeler-ksrwl
753,node-interface-labeler-lqvkh
754,node-interface-labeler-m44v7
755,node-interface-labeler-m8r4v
756,node-interface-labeler-mzphg
757,node-interface-labeler-s5kfg
758,node-interface-labeler-spgqs
759,node-interface-labeler-tnh7c
760,node-interface-labeler-vr7n5
761,node-interface-labeler-w4xvv
762,node-interface-labeler-w7zhc
763,node-interface-labeler-zj6md
764,klusterlet-85dd9df585-l75fp
765,klusterlet-registration-agent-6cb5796b74-28jpx
766,klusterlet-registration-agent-6cb5796b74-t4zl5
767,klusterlet-registration-agent-6cb5796b74-vt7l5
768,klusterlet-work-agent-588d5bc6b4-6wk88
769,klusterlet-work-agent-588d5bc6b4-vnwkc
770,klusterlet-work-agent-588d5bc6b4-xqxxt
771,klusterlet-addon-appmgr-87cb9fd59-qqxws
772,klusterlet-addon-certpolicyctrl-6cd8dc7db9-mdsdl
773,klusterlet-addon-iampolicyctrl-5cf6c8556c-rsrhc
774,klusterlet-addon-operator-794759466f-2m5kf
775,klusterlet-addon-policyctrl-config-policy-5967cc5f47-s2j4v
776,klusterlet-addon-policyctrl-framework-54c484975b-4tsns
777,klusterlet-addon-search-596695c646-h2n5w
778,klusterlet-addon-workmgr-5898bf8559-jzh8v
779,opendatahub-operator-7f756797c5-7bv57
780,authentication-operator-5459558974-lvfv2
781,cloud-credential-operator-7fb4564cbf-pchhd
782,tuned-2sbrn
783,tuned-4wf44
784,tuned-5mgh9
785,tuned-72wmb
786,tuned-94m2x
787,tuned-9kcp2
788,tuned-cvhj9
789,tuned-dw6hn
790,tuned-f52gj
791,tuned-hhrjm
792,tuned-hhwgk
793,tuned-l5gb6
794,tuned-l72lv
795,tuned-l9mnh
796,tuned-lc7bj
797,tuned-ld6qk
798,tuned-pgvrq
799,tuned-q55qn
800,tuned-qdl7x
801,tuned-qjvq8
802,tuned-r89m5
803,tuned-rrccf
804,tuned-rztnc
805,tuned-s8px8
806,tuned-t8phj
807,tuned-twzzw
808,tuned-xhczl
809,tuned-z9h58
810,tuned-zkxjg
811,csi-snapshot-controller-55d65cb654-cgkg9
812,csi-snapshot-controller-55d65cb654-s9sp7
813,csi-snapshot-controller-operator-5f59c86648-p547p
814,csi-snapshot-webhook-5bd76cb56-cj726
815,csi-snapshot-webhook-5bd76cb56-gqwmb
816,bridge-marker-2gnsd
817,bridge-marker-2hb8f
818,bridge-marker-4qk2w
819,bridge-marker-8wfg9
820,bridge-marker-8zfkw
821,bridge-marker-96x2n
822,bridge-marker-9m5tp
823,bridge-marker-d6jsp
824,bridge-marker-ddhdb
825,bridge-marker-f286g
826,bridge-marker-fjh8f
827,bridge-marker-fn542
828,bridge-marker-g4mpl
829,bridge-marker-g5msq
830,bridge-marker-ggctg
831,bridge-marker-hv7sj
832,bridge-marker-jsxsj
833,bridge-marker-k9d6b
834,bridge-marker-lztv6
835,bridge-marker-mn5xp
836,bridge-marker-r6g7v
837,bridge-marker-rkqk5
838,bridge-marker-s5psg
839,bridge-marker-tggrw
840,bridge-marker-ttd88
841,bridge-marker-vmb97
842,bridge-marker-vxzcb
843,bridge-marker-xsr8s
844,bridge-marker-zwct6
845,cdi-apiserver-7b54b46958-6cs96
846,cdi-deployment-d9cd847bd-k77cd
847,cdi-operator-8566496447-k9bsd
848,cdi-uploadproxy-577779dc88-zx72d
849,hco-operator-7664ff679c-dzldq
850,hco-webhook-59f55b9596-jjw99
851,hostpath-provisioner-operator-7cb64bb5dd-2hdg7
852,hyperconverged-cluster-cli-download-575569585c-7vnsr
853,kube-cni-linux-bridge-plugin-5lqsv
854,kube-cni-linux-bridge-plugin-6749p
855,kube-cni-linux-bridge-plugin-7xmg4
856,kube-cni-linux-bridge-plugin-99r6g
857,kube-cni-linux-bridge-plugin-9nvdf
858,kube-cni-linux-bridge-plugin-9scf2
859,kube-cni-linux-bridge-plugin-c6ghv
860,kube-cni-linux-bridge-plugin-cv9fw
861,kube-cni-linux-bridge-plugin-fxxjn
862,kube-cni-linux-bridge-plugin-h6p7d
863,kube-cni-linux-bridge-plugin-j5wkh
864,kube-cni-linux-bridge-plugin-jzdng
865,kube-cni-linux-bridge-plugin-kdrtj
866,kube-cni-linux-bridge-plugin-kgtgx
867,kube-cni-linux-bridge-plugin-kttmv
868,kube-cni-linux-bridge-plugin-kx6jz
869,kube-cni-linux-bridge-plugin-lrqm6
870,kube-cni-linux-bridge-plugin-mptjh
871,kube-cni-linux-bridge-plugin-nl5gz
872,kube-cni-linux-bridge-plugin-ntn2x
873,kube-cni-linux-bridge-plugin-qqsp8
874,kube-cni-linux-bridge-plugin-qwp9n
875,kube-cni-linux-bridge-plugin-rh8t4
876,kube-cni-linux-bridge-plugin-scd82
877,kube-cni-linux-bridge-plugin-tbvtx
878,kube-cni-linux-bridge-plugin-tk78v
879,kube-cni-linux-bridge-plugin-v9zp6
880,kube-cni-linux-bridge-plugin-vsdlf
881,kube-cni-linux-bridge-plugin-z87h8
882,kubemacpool-cert-manager-5c6ff9bc4b-smjrr
883,kubemacpool-mac-controller-manager-74df4986c7-7sf7w
884,node-maintenance-operator-6954fb795f-cf2fg
885,ssp-operator-85976df5f9-fxllw
886,vm-import-controller-78f89fb8f9-d9d85
887,vm-import-operator-74cfbd48b8-nmzt5
888,console-69845ddd7c-blxvw
889,console-69845ddd7c-vkznm
890,console-6dfb5bdf74-27fnd
891,console-6dfb5bdf74-xxxth
892,downloads-7f9bf9b68c-ft4mf
893,downloads-7f9bf9b68c-khqr7
894,console-operator-6fd89bb96c-cnnkp
895,jaeger-operator-675b69d4f6-tpl6h
896,node-resolver-464vg
897,node-resolver-4chnv
898,node-resolver-52zcc
899,node-resolver-6xt2g
900,node-resolver-72zr5
901,node-resolver-84p9l
902,node-resolver-bczcm
903,node-resolver-bq8ks
904,node-resolver-bv6vg
905,node-resolver-crzgh
906,node-resolver-czx6q
907,node-resolver-d6lk9
908,node-resolver-dn6hs
909,node-resolver-fn6fr
910,node-resolver-gwrnc
911,node-resolver-hdshh
912,node-resolver-kmp4q
913,node-resolver-mn426
914,node-resolver-ntnt9
915,node-resolver-nxxd7
916,node-resolver-q2krr
917,node-resolver-slpbh
918,node-resolver-t5h4w
919,node-resolver-t8qcl
920,node-resolver-wj6rc
921,node-resolver-wk5hg
922,node-resolver-wpk2n
923,node-resolver-wz2zw
924,node-resolver-xrl7d
925,node-ca-2bhlr
926,node-ca-2xxkr
927,node-ca-48r79
928,node-ca-4plfg
929,node-ca-4qhtg
930,node-ca-547xk
931,node-ca-58g6n
932,node-ca-66dgm
933,node-ca-6nn4n
934,node-ca-9l8nk
935,node-ca-fjbfr
936,node-ca-gf4wq
937,node-ca-ghhjz
938,node-ca-gtgxc
939,node-ca-kjk4w
940,node-ca-lzcbk
941,node-ca-mddng
942,node-ca-pkp72
943,node-ca-plb86
944,node-ca-q6f2k
945,node-ca-r2lz2
946,node-ca-r6btt
947,node-ca-t22x2
948,node-ca-t65tj
949,node-ca-tnwr2
950,node-ca-v88nm
951,node-ca-vftkd
952,node-ca-wp2mr
953,node-ca-z5h5l
954,router-default-6c5b4dd879-97f6v
955,router-default-6c5b4dd879-t6qqc
956,ingress-canary-29cp4
957,ingress-canary-4kfkc
958,ingress-canary-94z58
959,ingress-canary-blmff
960,ingress-canary-bxkft
961,ingress-canary-dk8qw
962,ingress-canary-flvxh
963,ingress-canary-g68zv
964,ingress-canary-g85tx
965,ingress-canary-glzlw
966,ingress-canary-hpll7
967,ingress-canary-kz2h6
968,ingress-canary-lwdqn
969,ingress-canary-m4s8k
970,ingress-canary-p4bzz
971,ingress-canary-pcl74
972,ingress-canary-qmmck
973,ingress-canary-rb7xw
974,ingress-canary-rt55h
975,ingress-canary-rwf87
976,ingress-canary-s978q
977,ingress-canary-smd8s
978,ingress-canary-t7xfk
979,ingress-canary-tqf7d
980,ingress-canary-tqgdx
981,ingress-canary-zldzw
982,ingress-operator-6cfb9988b4-q9k78
983,insights-operator-5df997fb58-hgwdm
984,migrator-5569fb6c6-wscqp
985,kube-storage-version-migrator-operator-86946b9bbb-lrmbx
986,collector-45ggj
987,collector-48kdf
988,collector-4hnmz
989,collector-5lp4f
990,collector-65cxq
991,collector-7z68k
992,collector-968js
993,collector-9896f
994,collector-b4pht
995,collector-bv7wh
996,collector-dg82t
997,collector-dpskn
998,collector-f6t2v
999,collector-fbtxz
1000,collector-fr899
1001,collector-ftnbr
1002,collector-g8pnk
1003,collector-jrgrp
1004,collector-kfvtd
1005,collector-lgdd8
1006,collector-pzfx7
1007,collector-q7865
1008,collector-s29ff
1009,collector-shsjt
1010,collector-skr8m
1011,collector-swhhw
1012,collector-w5c5h
1013,collector-w6s8b
1014,collector-wr2fd
1015,metal3-689d9f99f4-w88jc
1016,metal3-image-cache-644t9
1017,metal3-image-cache-q84pq
1018,metal3-image-cache-rq97f
1019,certified-operators-l4lr7
1020,certified-operators-nd7hs
1021,certified-operators-qx6s6
1022,certified-operators-sk8f4
1023,community-operators-575xs
1024,community-operators-c45ph
1025,community-operators-dslqn
1026,community-operators-lfgbl
1027,community-operators-lpcvn
1028,community-operators-nnjls
1029,marketplace-operator-6d5d85c4cc-b67d8
1030,meteor-catalog-zzkcr
1031,operatorhubio-catalog-thlp4
1032,redhat-marketplace-m66zv
1033,redhat-marketplace-m9wgv
1034,redhat-marketplace-s5z6w
1035,redhat-marketplace-splkv
1036,redhat-marketplace-x92dp
1037,redhat-operators-6gl6d
1038,redhat-operators-d7t88
1039,redhat-operators-hrzdb
1040,redhat-operators-vtzz4
1041,alertmanager-main-0
1042,alertmanager-main-1
1043,alertmanager-main-2
1044,grafana-6bd6749c8c-tvsv8
1045,kube-state-metrics-df96cc89f-h5z7t
1046,node-exporter-2qntt
1047,node-exporter-4zrdb
1048,node-exporter-6l78k
1049,node-exporter-78x8h
1050,node-exporter-7gnxb
1051,node-exporter-7gzd2
1052,node-exporter-7xbb9
1053,node-exporter-8v5rh
1054,node-exporter-969fq
1055,node-exporter-bq8tq
1056,node-exporter-c4d4t
1057,node-exporter-ff9rw
1058,node-exporter-h8z5m
1059,node-exporter-hgc8k
1060,node-exporter-hk7dt
1061,node-exporter-jpdmr
1062,node-exporter-ljx2s
1063,node-exporter-mbd2x
1064,node-exporter-mtx6j
1065,node-exporter-mwscz
1066,node-exporter-pgcc9
1067,node-exporter-px5rp
1068,node-exporter-r8ctl
1069,node-exporter-t9q9x
1070,node-exporter-v95br
1071,node-exporter-vglsj
1072,node-exporter-wlfmm
1073,node-exporter-wnlpt
1074,node-exporter-wp9dw
1075,telemeter-client-56bb49886-jrmld
1076,thanos-querier-7bf6fb4c8c-d8jgw
1077,thanos-querier-7bf6fb4c8c-jg6hk
1078,multus-4q5vt
1079,multus-5xnzl
1080,multus-66vqw
1081,multus-6bcl2
1082,multus-8dgng
1083,multus-8ql74
1084,multus-additional-cni-plugins-2n6vp
1085,multus-additional-cni-plugins-2nsnf
1086,multus-additional-cni-plugins-4n9s9
1087,multus-additional-cni-plugins-4zjrc
1088,multus-additional-cni-plugins-7xzjq
1089,multus-additional-cni-plugins-9bdxh
1090,multus-additional-cni-plugins-bgfrh
1091,multus-additional-cni-plugins-bmcww
1092,multus-additional-cni-plugins-c7tts
1093,multus-additional-cni-plugins-c96bl
1094,multus-additional-cni-plugins-dnzzn
1095,multus-additional-cni-plugins-fgn94
1096,multus-additional-cni-plugins-gfsnz
1097,multus-additional-cni-plugins-k888n
1098,multus-additional-cni-plugins-klr5j
1099,multus-additional-cni-plugins-kzrws
1100,multus-additional-cni-plugins-ltnfz
1101,multus-additional-cni-plugins-mctnz
1102,multus-additional-cni-plugins-nj7t8
1103,multus-additional-cni-plugins-pm94l
1104,multus-additional-cni-plugins-q2tlp
1105,multus-additional-cni-plugins-qbx9d
1106,multus-additional-cni-plugins-rkhkz
1107,multus-additional-cni-plugins-rlmks
1108,multus-additional-cni-plugins-s7z8k
1109,multus-additional-cni-plugins-stmfb
1110,multus-additional-cni-plugins-t44hb
1111,multus-additional-cni-plugins-w8r4l
1112,multus-additional-cni-plugins-xxvxm
1113,multus-admission-controller-npx8t
1114,multus-admission-controller-qjt8h
1115,multus-admission-controller-rgwfx
1116,multus-b69gm
1117,multus-bpxj2
1118,multus-fpkzj
1119,multus-fqgw9
1120,multus-g72mn
1121,multus-gscbd
1122,multus-hxkx8
1123,multus-j6b9m
1124,multus-k48dr
1125,multus-kf7t9
1126,multus-khbsr
1127,multus-kx2zx
1128,multus-lqhrl
1129,multus-nj2lz
1130,multus-pp6nc
1131,multus-q9nk2
1132,multus-qn4rq
1133,multus-rf58f
1134,multus-smgkp
1135,multus-wkwgd
1136,multus-z22pt
1137,multus-z2m45
1138,multus-zdpbh
1139,network-metrics-daemon-4qskx
1140,network-metrics-daemon-4ssw5
1141,network-metrics-daemon-549mk
1142,network-metrics-daemon-595xq
1143,network-metrics-daemon-5kwlh
1144,network-metrics-daemon-6j8tt
1145,network-metrics-daemon-79ttz
1146,network-metrics-daemon-7htqc
1147,network-metrics-daemon-9ng7f
1148,network-metrics-daemon-b467r
1149,network-metrics-daemon-bj9zn
1150,network-metrics-daemon-bkkkb
1151,network-metrics-daemon-dhz6n
1152,network-metrics-daemon-f7slc
1153,network-metrics-daemon-hdcz7
1154,network-metrics-daemon-ks56k
1155,network-metrics-daemon-lncs2
1156,network-metrics-daemon-nglqk
1157,network-metrics-daemon-nw5kx
1158,network-metrics-daemon-p6sqk
1159,network-metrics-daemon-s2tjt
1160,network-metrics-daemon-s7dhx
1161,network-metrics-daemon-sfghp
1162,network-metrics-daemon-sppdx
1163,network-metrics-daemon-vlc89
1164,network-metrics-daemon-wj62k
1165,network-metrics-daemon-xms5d
1166,network-metrics-daemon-xnhrl
1167,network-metrics-daemon-zxq54
1168,must-gather-xklcc
1169,must-gather-xq5bk
1170,network-operator-65b8d757d5-z2kcb
1171,catalog-operator-5f66cc5b6f-mxc6q
1172,olm-operator-69f54b47cb-7q82n
1173,package-server-manager-54865c5d49-tb5hh
1174,packageserver-659d94cd47-9gqdg
1175,packageserver-659d94cd47-tztj9
1176,camel-k-operator-645bc96ff4-92jwd
1177,cert-manager-849bfd44bf-95q42
1178,cert-manager-cainjector-787cb5465-rvtw2
1179,cert-manager-webhook-59496b6fcd-pzbxj
1180,external-secrets-operator-controller-manager-6dc8bc64bd-b8dmx
1181,external-secrets-operator-controller-manager-898f5f4cb-5vtgh
1182,openvino-operator-controller-manager-788f667d79-m8fmd
1183,snapscheduler-controller-manager-6b57b85f57-wgb85
1184,tekton-operator-webhook-79bc5db765-zcgn4
1185,tekton-operator-proxy-webhook-697fccc9cc-62s46
1186,tekton-pipelines-controller-65c59d7f5c-v54s9
1187,tekton-pipelines-webhook-75fff6f875-2lxcj
1188,tekton-pipelines-webhook-75fff6f875-2zr5v
1189,tekton-pipelines-webhook-75fff6f875-6cw4x
1190,tekton-pipelines-webhook-75fff6f875-6h7d7
1191,tekton-pipelines-webhook-75fff6f875-75d5h
1192,tekton-pipelines-webhook-75fff6f875-9plfq
1193,tekton-pipelines-webhook-75fff6f875-b4kzm
1194,tekton-pipelines-webhook-75fff6f875-crgcw
1195,tekton-pipelines-webhook-75fff6f875-dxt4r
1196,tekton-pipelines-webhook-75fff6f875-fph56
1197,tekton-pipelines-webhook-75fff6f875-gshnp
1198,tekton-pipelines-webhook-75fff6f875-hdmt2
1199,tekton-pipelines-webhook-75fff6f875-jblv2
1200,tekton-pipelines-webhook-75fff6f875-jd6cd
1201,tekton-pipelines-webhook-75fff6f875-jkl8k
1202,tekton-pipelines-webhook-75fff6f875-jrwc8
1203,tekton-pipelines-webhook-75fff6f875-kkr5v
1204,tekton-pipelines-webhook-75fff6f875-l4hrl
1205,tekton-pipelines-webhook-75fff6f875-l72s4
1206,tekton-pipelines-webhook-75fff6f875-m7psg
1207,tekton-pipelines-webhook-75fff6f875-msr8p
1208,tekton-pipelines-webhook-75fff6f875-n9525
1209,tekton-pipelines-webhook-75fff6f875-nvkcl
1210,tekton-pipelines-webhook-75fff6f875-p9jwb
1211,tekton-pipelines-webhook-75fff6f875-pfs24
1212,tekton-pipelines-webhook-75fff6f875-phsdt
1213,tekton-pipelines-webhook-75fff6f875-pp696
1214,tekton-pipelines-webhook-75fff6f875-pvfkv
1215,tekton-pipelines-webhook-75fff6f875-pwk2s
1216,tekton-pipelines-webhook-75fff6f875-px4ld
1217,tekton-pipelines-webhook-75fff6f875-q8xdm
1218,tekton-pipelines-webhook-75fff6f875-r6crk
1219,tekton-pipelines-webhook-75fff6f875-sn6ck
1220,tekton-pipelines-webhook-75fff6f875-sq79v
1221,tekton-pipelines-webhook-75fff6f875-sv6t2
1222,tekton-pipelines-webhook-75fff6f875-tm8c5
1223,tekton-pipelines-webhook-75fff6f875-wcx82
1224,tekton-pipelines-webhook-75fff6f875-wrrcq
1225,tekton-pipelines-webhook-75fff6f875-xgxs8
1226,tekton-triggers-controller-756594b64d-4jhdt
1227,tekton-triggers-core-interceptors-84bd74965b-gb6zd
1228,tekton-triggers-webhook-5d96785c49-2x9nt
1229,tkn-cli-serve-f49cc4dfc-qq2w8
1230,service-ca-7b78fcc549-9nndp
1231,service-ca-operator-59bffff786-tcv7n
1232,csi-rbdplugin-5x47t
1233,csi-rbdplugin-5x7td
1234,csi-rbdplugin-6xdsx
1235,csi-rbdplugin-72nmj
1236,csi-rbdplugin-7fn9j
1237,csi-rbdplugin-7vtxh
1238,csi-rbdplugin-88zb6
1239,csi-rbdplugin-8rhqp
1240,csi-rbdplugin-9c6f6
1241,csi-rbdplugin-9sfk4
1242,csi-rbdplugin-bp6t9
1243,csi-rbdplugin-d9nt4
1244,csi-rbdplugin-dfdwp
1245,csi-rbdplugin-f7hbj
1246,csi-rbdplugin-fmq8x
1247,csi-rbdplugin-ft9q2
1248,csi-rbdplugin-ftnqh
1249,csi-rbdplugin-gfs6z
1250,csi-rbdplugin-gncpl
1251,csi-rbdplugin-grtsb
1252,csi-rbdplugin-grx7v
1253,csi-rbdplugin-h4p7p
1254,csi-rbdplugin-jj7nm
1255,csi-rbdplugin-provisioner-54bf4f7fdc-j9w42
1256,csi-rbdplugin-provisioner-54bf4f7fdc-qrj92
1257,csi-rbdplugin-qwvrg
1258,csi-rbdplugin-zs7j5
1259,csi-rbdplugin-zxlqv
1260,must-gather-xklcc-helper
1261,noobaa-core-0
1262,noobaa-db-pg-0
1263,noobaa-default-backing-store-noobaa-pod-056de1d3
1264,noobaa-default-backing-store-noobaa-pod-1a5a98a0
1265,noobaa-default-backing-store-noobaa-pod-1bacff63
1266,noobaa-default-backing-store-noobaa-pod-26de8ce0
1267,noobaa-default-backing-store-noobaa-pod-51bf5122
1268,noobaa-default-backing-store-noobaa-pod-56fad19f
1269,noobaa-default-backing-store-noobaa-pod-68dfefee
1270,noobaa-default-backing-store-noobaa-pod-718b03f7
1271,noobaa-default-backing-store-noobaa-pod-729e0926
1272,noobaa-default-backing-store-noobaa-pod-7ce15b33
1273,noobaa-default-backing-store-noobaa-pod-8cfbce07
1274,noobaa-default-backing-store-noobaa-pod-92e153c9
1275,noobaa-default-backing-store-noobaa-pod-973a75c5
1276,noobaa-default-backing-store-noobaa-pod-bc22ad4a
1277,noobaa-default-backing-store-noobaa-pod-c951fdc2
1278,noobaa-default-backing-store-noobaa-pod-d7ab6fd8
1279,noobaa-default-backing-store-noobaa-pod-e38d0f26
1280,noobaa-default-backing-store-noobaa-pod-e833a086
1281,noobaa-default-backing-store-noobaa-pod-fa07f9bf
1282,noobaa-default-backing-store-noobaa-pod-fb5ac96c
1283,noobaa-endpoint-857697459f-47wq8
1284,noobaa-endpoint-857697459f-4mtfx
1285,noobaa-endpoint-857697459f-5gt55
1286,noobaa-endpoint-857697459f-7b724
1287,noobaa-endpoint-857697459f-7kdvv
1288,noobaa-endpoint-857697459f-bh6h5
1289,noobaa-endpoint-857697459f-bq2j5
1290,noobaa-endpoint-857697459f-bqcnl
1291,noobaa-endpoint-857697459f-bqst8
1292,noobaa-endpoint-857697459f-cfsmq
1293,noobaa-endpoint-857697459f-cgl6l
1294,noobaa-endpoint-857697459f-f5pmn
1295,noobaa-endpoint-857697459f-f62br
1296,noobaa-endpoint-857697459f-fhmnm
1297,noobaa-endpoint-857697459f-fkqz4
1298,noobaa-endpoint-857697459f-h8vjj
1299,noobaa-endpoint-857697459f-jhr9d
1300,noobaa-endpoint-857697459f-jr688
1301,noobaa-endpoint-857697459f-n6lsm
1302,noobaa-endpoint-857697459f-nnppk
1303,noobaa-endpoint-857697459f-nqkhz
1304,noobaa-endpoint-857697459f-ns6hg
1305,noobaa-endpoint-857697459f-nx9kk
1306,noobaa-endpoint-857697459f-sr6gw
1307,noobaa-endpoint-857697459f-srpfk
1308,noobaa-endpoint-857697459f-tlxp2
1309,noobaa-endpoint-857697459f-tnk2x
1310,noobaa-endpoint-857697459f-vjjwc
1311,noobaa-endpoint-857697459f-vqngn
1312,noobaa-endpoint-857697459f-vzkhg
1313,noobaa-endpoint-857697459f-wdq62
1314,noobaa-endpoint-857697459f-x24rb
1315,noobaa-endpoint-857697459f-xf6cp
1316,noobaa-endpoint-857697459f-xjxwm
1317,noobaa-endpoint-857697459f-z7vf5
1318,noobaa-operator-778479b648-xqts5
1319,noobaa-pool-01-noobaa-pod-101ddba9
1320,noobaa-pool-01-noobaa-pod-19702b77
1321,noobaa-pool-01-noobaa-pod-5e920417
1322,noobaa-pool-01-noobaa-pod-96210bd1
1323,noobaa-pool-01-noobaa-pod-b39028c7
1324,noobaa-pool-01-noobaa-pod-ba3d50b3
1325,noobaa-pool-01-noobaa-pod-bd0d49f4
1326,noobaa-pool-01-noobaa-pod-c61347c2
1327,noobaa-pool-01-noobaa-pod-c61736a7
1328,noobaa-pool-01-noobaa-pod-f533f177
1329,rook-ceph-operator-7c884d4797-bxh5d
1330,rook-ceph-tools-5fd89dd488-wlr6b
1331,thanos-ruler-user-workload-0
1332,thanos-ruler-user-workload-1
1333,vertical-pod-autoscaler-operator-9b56498b8-t5vzf
1334,vpa-admission-plugin-default-86878b9d85-f2bwm
1335,vpa-recommender-default-69bf66f869-gdwtb
1336,vpa-updater-default-f85f5c89-nksb6
1337,github-receiver-54f8764567-hqf5z
1338,argo-server-74cf64689b-j2bvw
1339,aicoe-pipelinerun-15def3c0-057f-4560-a121-580474cc56e7-pr-dqjg5
1340,aicoe-pipelinerun-188f25aa-5fb5-4e71-9d07-06af590a4999-pr-h758q
1341,aicoe-pipelinerun-5dd5517a-0e06-4df4-a3f0-ec476b30845f-pr-gr6bf
1342,aicoe-pipelinerun-5dd5517a-0e06-4df4-a3f0-ec476b30845f-st-wsbzk
1343,aicoe-pipelinerun-676ee5b5-abc3-4a78-ba6c-8d032f70dd5a-pr-8t5cr
1344,aicoe-pipelinerun-887c2f14-4cce-4ab4-8466-9990f95570ab-pr-gfrhc
1345,aicoe-pipelinerun-887c2f14-4cce-4ab4-8466-9990f95570ab-st-9dc6b
1346,aicoe-pipelinerun-887c2f14-4cce-4ab4-8466-9990f95570ab-st-mzgwd
1347,aicoe-pipelinerun-bd028ac6-c243-4370-a80f-1cf3c4f0a425-pr-m5mq5
1348,aicoe-pipelinerun-bd028ac6-c243-4370-a80f-1cf3c4f0a425-st-vfpgm
1349,el-aicoe-ci-listener-6db6d85b44-cbj4s
1350,elyra-aidevsecops-tutorial-pr-512-pytorch-inference-1-bmdfm
1351,elyra-aidevsecops-tutorial-pr-513-pytorch-inference-1-fgqzn
1352,elyra-aidevsecops-tutorial-pr-514-pytorch-inference-1-wtm8p
1353,tag-release-3575584d-0aaa-479d-a4b8-93fca2939e3a-tag-rele-hz45x
1354,tag-release-8d4a345d-8fb6-4470-bb0a-b838d0358bfb-tag-rele-zqcnn
1355,008944b2-d201-11ec-a6ec-0a580a82000a
1356,00d5682d-d28a-11ec-89f8-0a580a820014
1357,046908f2-d29c-11ec-b9c9-0a580a82000a
1358,07a7ec11-d2a0-11ec-89f8-0a580a820014
1359,09505861-d28e-11ec-b9c9-0a580a82000a
1360,10788103-d202-11ec-996c-0a580a830164
1361,19233dbe-d1ec-11ec-a6ec-0a580a82000a
1362,19242a17-d1ec-11ec-a6ec-0a580a82000a
1363,21e84a33-d1c9-11ec-a6ec-0a580a82000a
1364,2287ea5f-d20d-11ec-a6ec-0a580a82000a
1365,22c4bbcd-d20d-11ec-a6ec-0a580a82000a
1366,2cbc4bc4-d212-11ec-89f8-0a580a820014
1367,303e2267-d205-11ec-89f8-0a580a820014
1368,30ae3ea1-d28a-11ec-89f8-0a580a820014
1369,4921626e-d28f-11ec-b9c9-0a580a82000a
1370,5a0b34a9-d22d-11ec-89f8-0a580a820014
1371,6389ac61-d1f4-11ec-996c-0a580a830164
1372,8b465285-d233-11ec-89f8-0a580a820014
1373,8fed572e-d20d-11ec-a6ec-0a580a82000a
1374,8fee0b03-d20d-11ec-a6ec-0a580a82000a
1375,92ce3a46-d240-11ec-a6ec-0a580a82000a
1376,9c79a052-d1c3-11ec-89f8-0a580a820014
1377,a625dc8f-d29c-11ec-b9c9-0a580a82000a
1378,b3eae537-d2a2-11ec-ba12-0a580a82000a
1379,b7ff7e71-d200-11ec-a6ec-0a580a82000a
1380,branchprotector-27540097--1-bdfg9
1381,branchprotector-27540097--1-bh6fg
1382,branchprotector-27540097--1-hlsbh
1383,ce36a5ce-d1d0-11ec-89f8-0a580a820014
1384,crier-796d8c7bd9-s7xk4
1385,d548b61d-d227-11ec-8ec8-0a580a810413
1386,d8e03c71-d206-11ec-89f8-0a580a820014
1387,d8e142ad-d206-11ec-89f8-0a580a820014
1388,dea5a333-d218-11ec-a6ec-0a580a82000a
1389,deaab267-d218-11ec-a6ec-0a580a82000a
1390,deck-855dbd5b8b-9lpgx
1391,deck-855dbd5b8b-qv598
1392,f5300f70-d1cc-11ec-89f8-0a580a820014
1393,fcc4bd0e-d1dd-11ec-a6ec-0a580a82000a
1394,ghproxy-8579f5d9f4-6dvgj
1395,hook-84bb67b4c-5j2vq
1396,hook-84bb67b4c-wxxm7
1397,horologium-6466955c4b-229sv
1398,needs-rebase-76f75577fc-xdjcj
1399,prow-controller-manager-7479f55975-4vzsc
1400,sinker-7bf98ccd4d-hsc5f
1401,statusreconciler-7bf775787d-bhvmw
1402,tide-78656ccf44-tmjkh
1403,exposer-lckr30u41m2118e32l0mvuo7vbt4kig96tud3h0cd8l3o05k0lbqh8w
1404,odh-dashboard-b994cc97d-m44sl
1405,spark-operator-6bf594fd94-9k6r7
1406,grafana-deployment-8bf559779-zh9xn
1407,grafana-operator-controller-manager-7ccd794c8f-hqh8n
1408,jupyterhub-5-7brkq
1409,jupyterhub-5-gbbs4
1410,jupyterhub-5-pm5jh
1411,jupyterhub-db-2-7l7cc
1412,jupyterhub-idle-culler-5f75c955ff-8tgr6
1413,jupyterhub-nb-alivaster121
1414,jupyterhub-nb-cantin1
1415,jupyterhub-nb-chauhankaranraj
1416,jupyterhub-nb-devco12312
1417,jupyterhub-nb-jimcadden
1418,jupyterhub-nb-michaelclifford
1419,jupyterhub-nb-oindrillac
1420,jupyterhub-nb-promi112
1421,jupyterhub-nb-saundersis
1422,jupyterhub-nb-silvasa121
1423,jupyterhub-nb-silvasd2
1424,jupyterhub-nb-sks121
1425,jupyterhub-nb-skyrocket0321
1426,jupyterhub-nb-sostrades-2ddpeltre
1427,jupyterhub-nb-suppathak
1428,ray-cluster-michaelclifford-ray-cluster-michaelclifford-hekvfxv
1429,ray-cluster-michaelclifford-ray-cluster-michaelclifford-hen8xbn
1430,ray-cluster-michaelclifford-ray-cluster-michaelclifford-hep8xdq
1431,ray-cluster-michaelclifford-ray-cluster-michaelclifford-wo6vrnp
1432,ray-cluster-michaelclifford-ray-cluster-michaelclifford-wo7xlfg
1433,ray-cluster-michaelclifford-ray-cluster-michaelclifford-wo8f4kv
1434,ray-cluster-michaelclifford-ray-cluster-michaelclifford-woccr8z
1435,ray-cluster-michaelclifford-ray-cluster-michaelclifford-wocwbhq
1436,ray-cluster-michaelclifford-ray-cluster-michaelclifford-wodxdhm
1437,ray-cluster-michaelclifford-ray-cluster-michaelclifford-wogczlp
1438,ray-cluster-michaelclifford-ray-cluster-michaelclifford-woggzvd
1439,ray-cluster-michaelclifford-ray-cluster-michaelclifford-wogzbsv
1440,ray-cluster-michaelclifford-ray-cluster-michaelclifford-wolq8pk
1441,ray-cluster-michaelclifford-ray-cluster-michaelclifford-woltbmp
1442,ray-cluster-michaelclifford-ray-cluster-michaelclifford-wos729s
1443,ray-cluster-michaelclifford-ray-cluster-michaelclifford-wosdfxm
1444,ray-cluster-michaelclifford-ray-cluster-michaelclifford-wosm222
1445,ray-cluster-michaelclifford-ray-cluster-michaelclifford-wowj4vd
1446,ray-cluster-michaelclifford-ray-cluster-michaelclifford-woz56tp
1447,ray-cluster-michaelclifford-ray-cluster-michaelclifford-wozbhpm
1448,ray-cluster-michaelclifford-ray-cluster-michaelclifford-wozvm69
1449,ray-operator-7665d76464-lvwg4
1450,traefik-proxy-66fc7f645-7zd49
1451,traefik-proxy-66fc7f645-fvz9p
1452,traefik-proxy-66fc7f645-xgjz9
1453,jaeger-all-in-one-inmemory-56f8d6f999-fcgs4
1454,jupyterhub-5-kscsj
1455,jupyterhub-db-2-ccf6s
1456,traefik-proxy-859dff9f5f-txn7x
1457,odh-message-bus-entity-operator-6449fbb67b-7ghd6
1458,odh-message-bus-kafka-0
1459,odh-message-bus-kafka-1
1460,odh-message-bus-kafka-2
1461,odh-message-bus-kafka-3
1462,odh-message-bus-kafka-4
1463,odh-message-bus-zookeeper-0
1464,odh-message-bus-zookeeper-1
1465,odh-message-bus-zookeeper-2
1466,odh-message-bus-zookeeper-3
1467,odh-message-bus-zookeeper-4
1468,strimzi-cluster-operator-v0.28.0-ff96c6c48-8bxxk
1469,blackbox-exporter-777ff59654-wxqvn
1470,grafana-deployment-5b7c7fbb7-w5js9
1471,grafana-operator-controller-manager-bdf88b8d9-htrf9
1472,k8s-annotations-exporter-859ddb9549-zg525
1473,loki-query-frontend-oauth-proxy-66bf4f964b-99qc5
1474,observatorium-api-597bcfddff-xw46m
1475,observatorium-loki-chunk-cache-0
1476,observatorium-loki-chunk-cache-1
1477,observatorium-loki-compactor-0
1478,observatorium-loki-distributor-6f5cf66599-8lbzb
1479,observatorium-loki-distributor-6f5cf66599-gqsg6
1480,observatorium-loki-index-query-cache-0
1481,observatorium-loki-index-query-cache-1
1482,observatorium-loki-ingester-0
1483,observatorium-loki-ingester-1
1484,observatorium-loki-querier-0
1485,observatorium-loki-querier-1
1486,observatorium-loki-query-frontend-5d8f8576b7-8ppth
1487,observatorium-loki-query-frontend-5d8f8576b7-sljzv
1488,observatorium-loki-results-cache-0
1489,observatorium-loki-results-cache-1
1490,observatorium-thanos-compact-0
1491,observatorium-thanos-query-7cd455797c-2q8wp
1492,observatorium-thanos-query-7cd455797c-n7jdr
1493,observatorium-thanos-query-7cd455797c-wxk2w
1494,observatorium-thanos-query-frontend-65656f558c-t4hs5
1495,observatorium-thanos-receive-controller-94d97b74-g626t
1496,observatorium-thanos-receive-default-0
1497,observatorium-thanos-receive-default-1
1498,observatorium-thanos-receive-default-2
1499,observatorium-thanos-receive-default-3
1500,observatorium-thanos-receive-default-4
1501,observatorium-thanos-receive-default-5
1502,observatorium-thanos-store-bucket-cache-memcached-0
1503,observatorium-thanos-store-index-cache-memcached-0
1504,observatorium-thanos-store-shard-0-0
1505,observatorium-thanos-store-shard-1-0
1506,thanos-query-frontend-oauth-proxy-7b7987d79c-bvpf7
1507,thanos-receive-oauth-proxy-5b87669668-pfsdv
1508,vector-balrog-668c8f5df6-lwtvr
1509,vector-infra-996b7d468-bmh64
1510,vector-rick-6ddb45f868-qbxhg
1511,vector-smaug-6794c96cfb-gj767
1512,pulp-api-79f5996698-sdzw7
1513,pulp-content-64bf7dd556-4p46g
1514,pulp-content-64bf7dd556-plktk
1515,pulp-operator-controller-manager-647c94cddd-8cf9k
1516,pulp-postgres-0
1517,pulp-redis-7494b78744-xk6x5
1518,pulp-web-77ddbf57dc-f5ckw
1519,pulp-worker-58b5b4dbcf-mxtgt
1520,pulp-worker-58b5b4dbcf-xkdgx
1521,seldon-controller-manager-75ccb48f5c-qvgh2
1522,seldon-model-example-0-classifier-f995787d4-cdjrk
1523,slack-first-fb64c899f-dzztk
1524,superset-66b76674cb-jk6rj
1525,supersetdb-7fd6868659-rg98g
1526,triage-party-7f7bc4d574-vv562
1527,cloudbeaver-b84857b67-ckv8j
1528,hive-metastore-data-science-general-0
1529,hive-metastore-operate-first-general-0
1530,trino-coordinator-7666dbcc46-r2xdm
1531,trino-db-66f74589db-zcj8v
1532,trino-worker-8558fb544c-d447m
1533,trino-worker-8558fb544c-jkgx6
1534,trino-worker-8558fb544c-vtpv8
1535,cloudbeaver-b84857b67-q9m9q
1536,exposer-97t18cb7kl61chplj1j9fta5ln5td3vtqtm1fj1g45s2lro39afpzbb
1537,exposer-97t18cb7kl61chplj1j9fta5ln5td3vtqtm1fj1g45s2lro39akgx8f
1538,hive-metastore-operate-first-general-0
1539,trino-coordinator-794dc59759-k6xtf
1540,trino-db-66f74589db-hwpwf
1541,trino-stage-v1-cron-27540480--1-sfzkg
1542,trino-worker-5f676fcd8f-2p6c8
1543,trino-worker-5f676fcd8f-kbkd9
1544,trino-worker-5f676fcd8f-ksf4s
1545,otel-dev-658676bc5c-rz2jm
1546,spring-petclinic-6d569df946-rngtk
1547,peribolos-controller-68ff7ff6bf-tmfv7
1548,reloader-reloader-754ff5fbfd-lh6h2
1549,curator-reports-6459968bd7-wkskq
1550,report-controller-manager-5fbff8c66f-crwtj
1551,ingress-69889f6f8d-jmbdx
1552,puptoo-68bd6cd5c7-pvzr5
1553,kafka-entity-operator-84d57cd545-gbk8j
1554,kafka-kafka-0
1555,kafka-ui-5bd55545d-9v4xp
1556,kafka-zookeeper-0
1557,postgresql-2-tj6j4
1558,smart-village-view-26-4v2wk
1559,smart-village-view-27-deploy
1560,smart-village-view-28-jwgk5
1561,smart-village-view-29-8zhgq
1562,smart-village-view-29-deploy
1563,solr-2-hg4v7
1564,zookeeper-3-qnhv8
1565,tekton-chains-controller-59bf5fcf7-8fn88
1566,tekton-dashboard-75c5b49f7d-bhcdw
1567,amun-api-2-44r7x
1568,argo-server-b4b574bf-42p5z
1569,inspection-test-220513000051-e6c600f0dc545be-1255864650
1570,argo-server-7f87859f85-dzhzb
1571,sync-job-cw-1652374260-2462177821
1572,sefkhet-abwy-chatbot-3-tk8s7
1573,sefkhet-abwy-webhook-receiver-7-ks79p
1574,triage-party-7694b957d6-nzccm
1575,cve-update-27540000--1-knzg2
1576,management-api-7-xjc52
1577,user-api-12-vfkb8
1578,graph-metrics-exporter-27539760--1-wm9b4
1579,graph-metrics-exporter-27539940--1-l46st
1580,graph-metrics-exporter-27540000--1-2mjdg
1581,graph-metrics-exporter-27540060--1-h2rqz
1582,graph-metrics-exporter-27540240--1-plhnh
1583,graph-metrics-exporter-27540300--1-w26k6
1584,graph-metrics-exporter-27540360--1-mx88b
1585,graph-metrics-exporter-27540480--1-8ttl2
1586,pgbouncer-1-rhtwt
1587,postgres-metrics-exporter-1-wgzmx
1588,postgresql-1-dhpk8
1589,github-receiver-5ccf95797f-9l74t
1590,investigator-consumer-5-gxn6p
1591,investigator-consumer-5-k5zlm
1592,investigator-message-metrics-5-mvdqq
1593,investigator-message-metrics-5-spbd9
1594,metrics-exporter-7-qjm5f
1595,pulp-metrics-exporter-1-ccv6l
1596,pushgateway-1-n8brf
1597,argo-server-6b5667f7cd-ghq4b
1598,mi-scheduler-kebechet-analyse-27540000--1-5qhxq
1599,solver-fedora-34-py39-220512154350-f3c56978f3920827-4112415431
1600,solver-fedora-34-py39-220512154350-f3c56978f3920827-420956544
1601,solver-fedora-34-py39-220513012110-e37d71e871bad0fc-3234428239
1602,solver-fedora-34-py39-220513062152-a6363ed0511f22f5-2332525716
1603,solver-fedora-34-py39-220513063046-5bbb5e0addc205a7-2799502400
1604,solver-fedora-34-py39-220513063046-5bbb5e0addc205a7-3433930247
1605,solver-fedora-35-py310-220512154350-e7bff7bba878c888-3628772583
1606,solver-fedora-35-py310-220512154350-e7bff7bba878c888-3975274624
1607,solver-fedora-35-py310-220513012110-562d3384936aa4db-3765698949
1608,solver-fedora-35-py310-220513062152-f631283b9a44e7c8-1935991843
1609,solver-fedora-35-py310-220513063046-212f12cec22ebe52-2441660888
1610,solver-fedora-35-py310-220513063046-212f12cec22ebe52-392096335
1611,solver-rhel-8-py38-220512154350-e404d4e1074596e0-1506225992
1612,solver-rhel-8-py38-220513062152-be1f51a3ec8e3104-1416227363
1613,solver-rhel-8-py38-220513063046-a66c1287501cdf34-2856965663
1614,solver-rhel-8-py38-220513063046-a66c1287501cdf34-398045096
1615,ssh-access--1-zql8q
1616,opf-vault-0
1617,opf-vault-1
1618,opf-vault-2
1619,volsync-57c586f94c-vsrlg
