,0,,,,,,,,,,,,,
0,opf-external-secrets-645bfcc4-bh7mg,,,,,,,,,,,,,
1,opf-external-secrets-cert-controller-f959cddb9-nz4cz,,,,,,,,,,,,,
2,opf-external-secrets-webhook-77875d98d7-blh5d,,,,,,,,,,,,,
3,klusterlet-85dd9df585-9xb42,,,,,,,,,,,,,
4,klusterlet-registration-agent-799df588c8-4q5b9,,,,,,,,,,,,,
5,klusterlet-registration-agent-799df588c8-fsbdm,,,,,,,,,,,,,
6,klusterlet-registration-agent-799df588c8-plmt5,,,,,,,,,,,,,
7,klusterlet-work-agent-7965bf9b-4bd9h,,,,,,,,,,,,,
8,klusterlet-work-agent-7965bf9b-fg4g6,,,,,,,,,,,,,
9,klusterlet-work-agent-7965bf9b-kj9cf,,,,,,,,,,,,,
10,klusterlet-addon-appmgr-9c4cc964c-7c48k,,,,,,,,,,,,,
11,klusterlet-addon-certpolicyctrl-bbfcf6f8c-swsm4,,,,,,,,,,,,,
12,klusterlet-addon-iampolicyctrl-68dcc6b9d7-h4wwn,,,,,,,,,,,,,
13,klusterlet-addon-operator-794759466f-wjcjf,,,,,,,,,,,,,
14,klusterlet-addon-policyctrl-config-policy-7f748c8bf-gl8m9,,,,,,,,,,,,,
15,klusterlet-addon-policyctrl-framework-cb6566b56-6bgtk,,,,,,,,,,,,,
16,klusterlet-addon-search-69b57bbf74-fcgp4,,,,,,,,,,,,,
17,klusterlet-addon-workmgr-6445bfbf87-k4rlm,,,,,,,,,,,,,
18,authentication-operator-7dd9cb95c6-zfk48,,,,,,,,,,,,,
19,cloud-credential-operator-85897fdddc-cwbrz,,,,,,,,,,,,,
20,pod-identity-webhook-5c56f945cd-cbgxz,,,,,,,,,,,,,
21,aws-ebs-csi-driver-controller-65655c5798-ftjwv,,,,,,,,,,,,,
22,aws-ebs-csi-driver-controller-65655c5798-jfl2f,,,,,,,,,,,,,
23,aws-ebs-csi-driver-node-2lv5f,,,,,,,,,,,,,
24,aws-ebs-csi-driver-node-8l5ld,,,,,,,,,,,,,
25,aws-ebs-csi-driver-node-8ldt7,,,,,,,,,,,,,
26,aws-ebs-csi-driver-node-b74tr,,,,,,,,,,,,,
27,aws-ebs-csi-driver-node-gprzt,,,,,,,,,,,,,
28,aws-ebs-csi-driver-node-h7v66,,,,,,,,,,,,,
29,aws-ebs-csi-driver-node-hjht6,,,,,,,,,,,,,
30,aws-ebs-csi-driver-node-k7nbh,,,,,,,,,,,,,
31,aws-ebs-csi-driver-operator-87d78496b-6wtr9,,,,,,,,,,,,,
32,tuned-5pgfh,,,,,,,,,,,,,
33,tuned-6dws8,,,,,,,,,,,,,
34,tuned-6z2pp,,,,,,,,,,,,,
35,tuned-bcnbt,,,,,,,,,,,,,
36,tuned-nm9cw,,,,,,,,,,,,,
37,tuned-qhsqg,,,,,,,,,,,,,
38,tuned-trxjx,,,,,,,,,,,,,
39,tuned-xfs6s,,,,,,,,,,,,,
40,csi-snapshot-controller-6d454cc9dc-88hbq,,,,,,,,,,,,,
41,csi-snapshot-controller-6d454cc9dc-9hwpv,,,,,,,,,,,,,
42,csi-snapshot-controller-operator-64f4d7988b-m5bgc,,,,,,,,,,,,,
43,csi-snapshot-webhook-5bb5cbc9df-l25z9,,,,,,,,,,,,,
44,csi-snapshot-webhook-5bb5cbc9df-zmzmz,,,,,,,,,,,,,
45,console-645c4b9876-76t6g,,,,,,,,,,,,,
46,console-645c4b9876-t4f69,,,,,,,,,,,,,
47,downloads-5564595dd-6hls4,,,,,,,,,,,,,
48,downloads-5564595dd-pwvdz,,,,,,,,,,,,,
49,console-operator-77876df86f-s646m,,,,,,,,,,,,,
50,node-resolver-4s2q4,,,,,,,,,,,,,
51,node-resolver-c4g2k,,,,,,,,,,,,,
52,node-resolver-dl7sb,,,,,,,,,,,,,
53,node-resolver-fgbv7,,,,,,,,,,,,,
54,node-resolver-hmnt6,,,,,,,,,,,,,
55,node-resolver-kg54n,,,,,,,,,,,,,
56,node-resolver-svsbl,,,,,,,,,,,,,
57,node-resolver-wvk57,,,,,,,,,,,,,
58,node-ca-5jsk9,,,,,,,,,,,,,
59,node-ca-899jf,,,,,,,,,,,,,
60,node-ca-gmtj9,,,,,,,,,,,,,
61,node-ca-k774v,,,,,,,,,,,,,
62,node-ca-ps44w,,,,,,,,,,,,,
63,node-ca-rv26f,,,,,,,,,,,,,
64,node-ca-rwjff,,,,,,,,,,,,,
65,node-ca-xsnq4,,,,,,,,,,,,,
66,router-default-56745b7d58-6tnjf,,,,,,,,,,,,,
67,router-default-56745b7d58-l22qr,,,,,,,,,,,,,
68,ingress-canary-bstmj,,,,,,,,,,,,,
69,ingress-canary-pbssh,,,,,,,,,,,,,
70,ingress-canary-tzlqg,,,,,,,,,,,,,authentication-operator-7dd9cb95c6-zfk48
71,ingress-canary-wmj7z,,,,,,,,,,,,,pod-identity-webhook-5c56f945cd-cbgxz
72,ingress-canary-x8t2j,,,,,,,,,,,,,aws-ebs-csi-driver-controller-65655c5798-ftjwv
73,ingress-operator-967bccb9-qx7kd,,,,,,,,,,,,,tuned-5pgfh
74,insights-operator-6fb4965cdf-64w57,,,,,,,,,,,,,csi-snapshot-controller-6d454cc9dc-88hbq
75,migrator-7dc7c5855b-tsmnw,,,,,,,,,,,,,console-645c4b9876-76t6g
76,kube-storage-version-migrator-operator-b7fdd58b4-9vtg9,,,,,,,,,,,,,downloads-5564595dd-6hls4
77,collector-27hk8,,,,,,,,,,,,,node-resolver-4s2q4
78,collector-2tbs2,,,,,,,,,,,,,node-ca-5jsk9
79,collector-47dx4,,,,,,,,,,,,,router-default-56745b7d58-6tnjf
80,collector-4k9tv,,,,,,,,,,,,,ingress-canary-bstmj
81,collector-4krcc,,,,,,,,,,,,,ingress-operator-967bccb9-qx7kd
82,collector-dchxm,,,,,,,,,,,,,migrator-7dc7c5855b-tsmnw
83,collector-kgbbs,,,,,,,,,,,,,collector-27hk8
84,collector-x49jc,,,,,,,,,,,,,
85,certified-operators-5447f,,,,,,,,,,,,,
86,certified-operators-r2bmb,,,,,,,,,,,,,
87,community-operators-269nw,,,,,,,,,,,,,
88,community-operators-4rtlr,,,,,,,,,,,,,
89,marketplace-operator-64d88db5df-84m6r,,,,,,,,,,,,,
90,redhat-marketplace-gdms7,,,,,,,,,,,,,
91,redhat-marketplace-tvjxb,,,,,,,,,,,,,
92,redhat-operators-mdhv5,,,,,,,,,,,,,
93,redhat-operators-wmzpp,,,,,,,,,,,,,
94,alertmanager-main-0,,,,,,,,,,,,,
95,alertmanager-main-1,,,,,,,,,,,,,
96,alertmanager-main-2,,,,,,,,,,,,,
97,grafana-6548656d76-fmdw2,,,,,,,,,,,,,
98,kube-state-metrics-7465945b46-fnqj6,,,,,,,,,,,,,
99,node-exporter-4pt8k,,,,,,,,,,,,,
100,node-exporter-9hc5d,,,,,,,,,,,,,
101,node-exporter-bkkfx,,,,,,,,,,,,,
102,node-exporter-jcx76,,,,,,,,,,,,,
103,node-exporter-jrg89,,,,,,,,,,,,,
104,node-exporter-njxdd,,,,,,,,,,,,,
105,node-exporter-r69xg,,,,,,,,,,,,,
106,node-exporter-skt5q,,,,,,,,,,,,,
107,telemeter-client-dc76666c5-wdbpr,,,,,,,,,,,,,
108,thanos-querier-6488c54674-5d8rl,,,,,,,,,,,,,
109,thanos-querier-6488c54674-hcfl7,,,,,,,,,,,,,
110,multus-68jhk,,,,,,,,,,,,,
111,multus-9ghnx,,,,,,,,,,,,,
112,multus-additional-cni-plugins-7x4qb,,,,,,,,,,,,,
113,multus-additional-cni-plugins-8jztv,,,,,,,,,,,,,
114,multus-additional-cni-plugins-fhb52,,,,,,,,,,,,,
115,multus-additional-cni-plugins-pctvr,,,,,,,,,,,,,
116,multus-additional-cni-plugins-pfjtt,,,,,,,,,,,,,
117,multus-additional-cni-plugins-xfnlm,,,,,,,,,,,,,
118,multus-additional-cni-plugins-zgq9b,,,,,,,,,,,,,
119,multus-additional-cni-plugins-zrh6d,,,,,,,,,,,,,
120,multus-admission-controller-24htz,,,,,,,,,,,,,
121,multus-admission-controller-l8kd8,,,,,,,,,,,,,
122,multus-admission-controller-x9wvs,,,,,,,,,,,,,
123,multus-cdhqg,,,,,,,,,,,,,
124,multus-f47bl,,,,,,,,,,,,,
125,multus-hhvk4,,,,,,,,,,,,,
126,multus-mk5lr,,,,,,,,,,,,,
127,multus-mshc5,,,,,,,,,,,,,
128,multus-xrmnn,,,,,,,,,,,,,
129,network-metrics-daemon-4594l,,,,,,,,,,,,,
130,network-metrics-daemon-6s8gm,,,,,,,,,,,,,
131,network-metrics-daemon-9gxxn,,,,,,,,,,,,,
132,network-metrics-daemon-h9x6l,,,,,,,,,,,,,
133,network-metrics-daemon-k22wx,,,,,,,,,,,,,
134,network-metrics-daemon-srkz9,,,,,,,,,,,,,
135,network-metrics-daemon-tghw7,,,,,,,,,,,,,
136,network-metrics-daemon-v5fq7,,,,,,,,,,,,,
137,network-operator-7f7cc8bf58-4rh4d,,,,,,,,,,,,,
138,catalog-operator-775b6fc4c6-4bqkv,,,,,,,,,,,,,
139,olm-operator-7b4997f4f9-dhn66,,,,,,,,,,,,,
140,packageserver-68574b8479-4st2n,,,,,,,,,,,,,
141,packageserver-68574b8479-h6v8t,,,,,,,,,,,,,certified-operators-5447f
142,cert-manager-cainjector-5657bd87b9-cnxph,,,,,,,,,,,,,community-operators-269nw
143,cert-manager-custom-6d7dbcd6f4-bcbs5,,,,,,,,,,,,,marketplace-operator-64d88db5df-84m6r
144,cert-manager-webhook-6db6d4d6d8-pdnmh,,,,,,,,,,,,,redhat-marketplace-gdms7
145,external-secrets-operator-controller-manager-5dbd5459c8-tpnsn,,,,,,,,,,,,,alertmanager-main-0
146,service-ca-69cc8ddbd9-vlt8d,,,,,,,,,,,,,grafana-6548656d76-fmdw2
147,service-ca-operator-5d76f8948f-hvb5v,,,,,,,,,,,,,node-exporter-4pt8k
148,thanos-ruler-user-workload-0,,,,,,,,,,,,,telemeter-client-dc76666c5-wdbpr
149,thanos-ruler-user-workload-1,,,,,,,,,,,,,thanos-querier-6488c54674-5d8rl
150,kafka-kafdrop-4-xkczm,,,,,,,,,,,,,multus-68jhk
151,opf-kafka-entity-operator-f6959744c-8q55f,,,,,,,,,,,,,multus-additional-cni-plugins-7x4qb
152,opf-kafka-kafka-0,,,,,,,,,,,,,multus-cdhqg
153,opf-kafka-kafka-1,,,,,,,,,,,,,network-metrics-daemon-4594l
154,opf-kafka-kafka-2,,,,,,,,,,,,,network-operator-7f7cc8bf58-4rh4d
155,opf-kafka-zookeeper-0,,,,,,,,,,,,,catalog-operator-775b6fc4c6-4bqkv
156,opf-kafka-zookeeper-1,,,,,,,,,,,,,olm-operator-7b4997f4f9-dhn66
157,opf-kafka-zookeeper-2,,,,,,,,,,,,,packageserver-68574b8479-4st2n
158,strimzi-cluster-operator-v0.29.0-6c698958d7-rcs7d,,,,,,,,,,,,,cert-manager-cainjector-5657bd87b9-cnxph
159,k8s-annotations-exporter-859ddb9549-dtk8x,,,,,,,,,,,,,external-secrets-operator-controller-manager-5dbd5459c8-tpnsn
160,amun-api-9-gz655,,,,,,,,,,,,,service-ca-69cc8ddbd9-vlt8d
161,argo-server-b4b574bf-22cn4,,,,,,,,,,,,,thanos-ruler-user-workload-0
162,inspection-test-220522000030-784c8afa70815212-1386253675,,,,,,,,,,,,,kafka-kafdrop-4-xkczm
163,adviser-220522023404-749fc0f5ca47aa7a-3853253546,,,,,,,,,,,,,opf-kafka-entity-operator-f6959744c-8q55f
164,adviser-220522025921-c1383ded19d5dd18-3800566558,,,,,,,,,,,,,strimzi-cluster-operator-v0.29.0-6c698958d7-rcs7d
165,adviser-220522032715-f6944357f89b84dd-1148525847,,,,,,,,,,,,,k8s-annotations-exporter-859ddb9549-dtk8x
166,adviser-220522083208-cc60ffd4cb40b9ce-2336228921,,,,,,,,,,,,,amun-api-9-gz655
167,adviser-220522084204-90e8794e21960db3-3734407208,,,,,,,,,,,,,argo-server-b4b574bf-22cn4
168,adviser-220522091234-7076eacc6e2b6f5f-3855319079,,,,,,,,,,,,,inspection-test-220522000030-784c8afa70815212-1386253675
169,adviser-220522092126-b1fa336fe212a622-3144772109,,,,,,,,,,,,,adviser-220522023404-749fc0f5ca47aa7a-3853253546
170,argo-server-7f87859f85-cvvmf,,,,,,,,,,,,,
171,management-api-9-tbtsz,,,,,,,,,,,,,
172,user-api-15-lkkkn,,,,,,,,,,,,,
173,graph-metrics-exporter-27552180-gsqmc,,,,,,,,,,,,,
174,graph-metrics-exporter-27552240-sgkqd,,,,,,,,,,,,,
175,graph-metrics-exporter-27552300-gn7t4,,,,,,,,,,,,,
176,graph-metrics-exporter-27552420-xqgjb,,,,,,,,,,,,,
177,graph-metrics-exporter-27552480-l5tp5,,,,,,,,,,,,,
178,graph-metrics-exporter-27552540-hkphk,,,,,,,,,,,,,
179,graph-metrics-exporter-27552600-gspff,,,,,,,,,,,,,
180,graph-metrics-exporter-27552660-swl45,,,,,,,,,,,,,
181,graph-metrics-exporter-27552720-zqbs4,,,,,,,,,,,,,
182,graph-metrics-exporter-27552780-gd8f8,,,,,,,,,,,,,
183,graph-metrics-exporter-27552840-cm9kx,,,,,,,,,,,,,
184,graph-metrics-exporter-27552900-mw22d,,,,,,,,,,,,,
185,graph-metrics-exporter-27553020-8gv4k,,,,,,,,,,,,,
186,graph-metrics-exporter-27553080-lxlkx,,,,,,,,,,,,,
187,graph-metrics-exporter-27553140-sjc55,,,,,,,,,,,,,
188,graph-metrics-exporter-27553200-ldqt7,,,,,,,,,,,,,
189,graph-metrics-exporter-27553260-rcvl2,,,,,,,,,,,,,
190,graph-metrics-exporter-27553320-tzm6t,,,,,,,,,,,,,
191,graph-metrics-exporter-27553380-p94cp,,,,,,,,,,,,,
192,graph-metrics-exporter-27553440-2z8w8,,,,,,,,,,,,,
193,graph-metrics-exporter-27553500-z566n,,,,,,,,,,,,,
194,graph-metrics-exporter-27553560-prk9w,,,,,,,,,,,,,
195,pgbouncer-1-6vdrt,,,,,,,,,,,,,
196,pgweb-2-w2q7k,,,,,,,,,,,,,
197,postgres-metrics-exporter-2-z9gcn,,,,,,,,,,,,,
198,postgresql-1-bkcsx,,,,,,,,,,,,,
199,investigator-consumer-6-xdhzs,,,,,,,,,,,,,
200,investigator-message-metrics-5-knwkp,,,,,,,,,,,,,
201,metrics-exporter-9-58jrl,,,,,,,,,,,,,
202,pushgateway-1-tf8k4,,,,,,,,,,,,,
203,argo-server-6b5667f7cd-d6d8c,,,,,,,,,,,,,
204,solver-fedora-35-py310-220522020655-894fe36485d16cb-3525982881,,,,,,,,,,,,,
205,solver-rhel-8-py38-220522020654-a35d71b71da80dcd-3170237774,,,,,,,,,,,,,
206,opf-external-secrets-645bfcc4-6wvbj,,,,,,,,,,,,,
207,opf-external-secrets-cert-controller-f959cddb9-xjxs8,,,,,,,,,,,,,
208,opf-external-secrets-webhook-77875d98d7-cw8h6,,,,,,,,,,,,,
209,klusterlet-85dd9df585-4ct5k,,,,,,,,,,,,,
210,klusterlet-registration-agent-7776cdfc7b-8bfnh,,,,,,,,,,,,,
211,klusterlet-registration-agent-7776cdfc7b-scmx8,,,,,,,,,,,,,
212,klusterlet-registration-agent-7776cdfc7b-sz5xd,,,,,,,,,,,,,
213,klusterlet-work-agent-6c5fc75b6b-5672w,,,,,,,,,,,,,
214,klusterlet-work-agent-6c5fc75b6b-d9g9f,,,,,,,,,,,,,
215,klusterlet-work-agent-6c5fc75b6b-vs48n,,,,,,,,,,,,,
216,klusterlet-addon-appmgr-8c88f8b75-srdmn,,,,,,,,,,,,,
217,klusterlet-addon-certpolicyctrl-569d56c6c7-9pfcz,,,,,,,,,,,,,
218,klusterlet-addon-iampolicyctrl-849d554df9-x2m47,,,,,,,,,,,,,
219,klusterlet-addon-operator-794759466f-dnksk,,,,,,,,,,,,,
220,klusterlet-addon-policyctrl-config-policy-85b9966949-7rwzb,,,,,,,,,,,,,
221,klusterlet-addon-policyctrl-framework-55566fcbb6-w5cs8,,,,,,,,,,,,,
222,klusterlet-addon-search-56b77b84f4-dj87r,,,,,,,,,,,,,
223,klusterlet-addon-workmgr-69df98946f-lsxkn,,,,,,,,,,,,,
224,authentication-operator-8fcbc484-24vdd,,,,,,,,,,,,,
225,cloud-credential-operator-787dbcbf7-9mkgx,,,,,,,,,,,,,
226,tuned-4gb79,,,,,,,,,,,,,
227,tuned-7zlgv,,,,,,,,,,,,,
228,tuned-d4tvp,,,,,,,,,,,,,
229,tuned-l9ljr,,,,,,,,,,,,,
230,tuned-pzx44,,,,,,,,,,,,,
231,tuned-wmnkx,,,,,,,,,,,,,
232,csi-snapshot-controller-7d59fd7fcf-266br,,,,,,,,,,,,,
233,csi-snapshot-controller-7d59fd7fcf-79qlw,,,,,,,,,,,,,
234,csi-snapshot-controller-operator-c5bd4bd55-mqjmw,,,,,,,,,,,,,
235,csi-snapshot-webhook-b6db45794-8jwvf,,,,,,,,,,,,,
236,csi-snapshot-webhook-b6db45794-qff25,,,,,,,,,,,,,
237,bridge-marker-5k6f7,,,,,,,,,,,,,
238,bridge-marker-94jkx,,,,,,,,,,,,,
239,bridge-marker-dlxpr,,,,,,,,,,,,,
240,bridge-marker-gkqpt,,,,,,,,,,,,,
241,bridge-marker-kh5bn,,,,,,,,,,,,,
242,bridge-marker-rskwr,,,,,,,,,,,,,
243,cdi-apiserver-7466957b47-xshr7,,,,,,,,,,,,,
244,cdi-deployment-7858f8d5cc-qp5l5,,,,,,,,,,,,,
245,cdi-operator-578cd8ffc5-tjz59,,,,,,,,,,,,,
246,cdi-uploadproxy-6949ddf7cd-qtwl7,,,,,,,,,,,,,
247,hco-operator-6f64f85f8b-bx6k8,,,,,,,,,,,,,
248,hco-webhook-554b4d8d94-xhxdr,,,,,,,,,,,,,
249,hostpath-provisioner-operator-598c58fdcb-n65sh,,,,,,,,,,,,,
250,kube-cni-linux-bridge-plugin-8bkw7,,,,,,,,,,,,,
251,kube-cni-linux-bridge-plugin-fcvvv,,,,,,,,,,,,,
252,kube-cni-linux-bridge-plugin-gnk5l,,,,,,,,,,,,,
253,kube-cni-linux-bridge-plugin-kvv7w,,,,,,,,,,,,,
254,kube-cni-linux-bridge-plugin-p64hs,,,,,,,,,,,,,
255,kube-cni-linux-bridge-plugin-tvxtk,,,,,,,,,,,,,
256,kubemacpool-cert-manager-6f8fbb665d-v4g8v,,,,,,,,,,,,,
257,kubemacpool-mac-controller-manager-8c555448c-7664k,,,,,,,,,,,,,
258,node-maintenance-operator-5977f7fc57-qplm5,,,,,,,,,,,,,
259,ssp-operator-56c4f8b998-vc4fw,,,,,,,,,,,,,
260,vm-import-controller-749f7567b9-97fwk,,,,,,,,,,,,,
261,vm-import-operator-5c7dfc6674-gtc59,,,,,,,,,,,,,
262,console-5766c88788-crmg5,,,,,,,,,,,,,
263,console-5766c88788-dbqmc,,,,,,,,,,,,,
264,downloads-89bbbdfff-2467g,,,,,,,,,,,,,
265,downloads-89bbbdfff-wwr5j,,,,,,,,,,,,,
266,console-operator-9c6db585-f6bbz,,,,,,,,,,,,,
267,node-resolver-7b6gr,,,,,,,,,,,,,
268,node-resolver-7vxns,,,,,,,,,,,,,
269,node-resolver-h2k42,,,,,,,,,,,,,
270,node-resolver-md7xl,,,,,,,,,,,,,
271,node-resolver-n6vd9,,,,,,,,,,,,,
272,node-resolver-ncxcv,,,,,,,,,,,,,
273,node-ca-9zp2v,,,,,,,,,,,,,
274,node-ca-fvknx,,,,,,,,,,,,,
275,node-ca-rl9hw,,,,,,,,,,,,,
276,node-ca-tpl89,,,,,,,,,,,,,
277,node-ca-vvjdb,,,,,,,,,,,,,
278,node-ca-wxnwx,,,,,,,,,,,,,
279,router-default-5b649c8444-nhqc8,,,,,,,,,,,,,
280,router-default-5b649c8444-nzm4b,,,,,,,,,,,,,
281,ingress-canary-2fbhx,,,,,,,,,,,,,
282,ingress-canary-gqrxt,,,,,,,,,,,,,
283,ingress-canary-slst6,,,,,,,,,,,,,
284,ingress-operator-7b876f8cff-l4hf4,,,,,,,,,,,,,
285,insights-operator-684b5679-2kbvm,,,,,,,,,,,,,
286,migrator-f8c949d6d-sg2z5,,,,,,,,,,,,,
287,kube-storage-version-migrator-operator-7d65c77f94-mtr7w,,,,,,,,,,,,,
288,diskmaker-discovery-gl7xj,,,,,,,,,,,,,
289,diskmaker-discovery-qwqbw,,,,,,,,,,,,,
290,diskmaker-discovery-r4fzh,,,,,,,,,,,,,
291,diskmaker-manager-ct67x,,,,,,,,,,,,,
292,diskmaker-manager-k52qh,,,,,,,,,,,,,
293,diskmaker-manager-ksnmc,,,,,,,,,,,,,
294,local-storage-operator-7b9c7499b-n6jcj,,,,,,,,,,,,,
295,certified-operators-5nk44,,,,,,,,,,,,,
296,certified-operators-hgmbn,,,,,,,,,,,,,
297,community-operators-6pn6h,,,,,,,,,,,,,
298,community-operators-8zdtm,,,,,,,,,,,,,
299,marketplace-operator-56c4446d89-7gzcc,,,,,,,,,,,,,
300,redhat-marketplace-lb2fx,,,,,,,,,,,,,
301,redhat-marketplace-svf59,,,,,,,,,,,,,
302,redhat-operators-9wtv9,,,,,,,,,,,,,
303,redhat-operators-jc6rh,,,,,,,,,,,,,
304,alertmanager-main-0,,,,,,,,,,,,,
305,alertmanager-main-1,,,,,,,,,,,,,
306,alertmanager-main-2,,,,,,,,,,,,,
307,grafana-5b547b95d8-c66b7,,,,,,,,,,,,,
308,kube-state-metrics-6948b56bbf-qlnfr,,,,,,,,,,,,,
309,node-exporter-cqsz4,,,,,,,,,,,,,
310,node-exporter-crlqq,,,,,,,,,,,,,
311,node-exporter-kvpn9,,,,,,,,,,,,,
312,node-exporter-kzs8g,,,,,,,,,,,,,
313,node-exporter-ss7cj,,,,,,,,,,,,,
314,node-exporter-zxcpg,,,,,,,,,,,,,
315,telemeter-client-84fdd798b5-kx4vw,,,,,,,,,,,,,
316,thanos-querier-5b64ddb796-f66v2,,,,,,,,,,,,,
317,thanos-querier-5b64ddb796-nk4p9,,,,,,,,,,,,,
318,multus-9vbzd,,,,,,,,,,,,,
319,multus-additional-cni-plugins-27wmw,,,,,,,,,,,,,
320,multus-additional-cni-plugins-hjfh2,,,,,,,,,,,,,
321,multus-additional-cni-plugins-qrgvl,,,,,,,,,,,,,
322,multus-additional-cni-plugins-s27ww,,,,,,,,,,,,,
323,multus-additional-cni-plugins-s7l4m,,,,,,,,,,,,,
324,multus-additional-cni-plugins-ttj6t,,,,,,,,,,,,,
325,multus-admission-controller-2645x,,,,,,,,,,,,,
326,multus-admission-controller-5nwcd,,,,,,,,,,,,,
327,multus-admission-controller-lwldj,,,,,,,,,,,,,
328,multus-cjrwt,,,,,,,,,,,,,
329,multus-dfxf5,,,,,,,,,,,,,
330,multus-jmflf,,,,,,,,,,,,,
331,multus-mnqvz,,,,,,,,,,,,,
332,multus-pbdqb,,,,,,,,,,,,,
333,network-metrics-daemon-9zr6g,,,,,,,,,,,,,
334,network-metrics-daemon-bssrs,,,,,,,,,,,,,
335,network-metrics-daemon-frq8s,,,,,,,,,,,,,
336,network-metrics-daemon-jf5d5,,,,,,,,,,,,,
337,network-metrics-daemon-sx27l,,,,,,,,,,,,,
338,network-metrics-daemon-wx95q,,,,,,,,,,,,,
339,network-operator-5dc9548b7f-zq5js,,,,,,,,,,,,,
340,catalog-operator-744b987d5c-jfkwl,,,,,,,,,,,,,
341,olm-operator-858588f97b-bz6zz,,,,,,,,,,,,,
342,packageserver-57965fd9dd-vt4lv,,,,,,,,,,,,,
343,packageserver-57965fd9dd-w45sw,,,,,,,,,,,,,
344,cert-manager-cainjector-5657bd87b9-vbq5s,,,,,,,,,,,,,
345,cert-manager-dbcfbd8c7-l2nbz,,,,,,,,,,,,,
346,cert-manager-webhook-cd9df9c6b-pjzfh,,,,,,,,,,,,,
347,external-secrets-operator-controller-manager-5dbd5459c8-rtmjz,,,,,,,,,,,,,
348,ovn-ipsec-7x5tz,,,,,,,,,,,,,
349,ovn-ipsec-9vbd2,,,,,,,,,,,,,
350,ovn-ipsec-bsnt2,,,,,,,,,,,,,
351,ovn-ipsec-spfbm,,,,,,,,,,,,,
352,ovn-ipsec-wqvqs,,,,,,,,,,,,,
353,ovn-ipsec-xdrdz,,,,,,,,,,,,,
354,ovnkube-master-64l6n,,,,,,,,,,,,,
355,ovnkube-master-nrp22,,,,,,,,,,,,,
356,ovnkube-master-p9n2h,,,,,,,,,,,,,
357,ovnkube-node-2j9nm,,,,,,,,,,,,,
358,ovnkube-node-85zf4,,,,,,,,,,,,,
359,ovnkube-node-h6rmc,,,,,,,,,,,,,
360,ovnkube-node-hxv9h,,,,,,,,,,,,,
361,ovnkube-node-sj466,,,,,,,,,,,,,
362,ovnkube-node-wbjzb,,,,,,,,,,,,,
363,tekton-operator-proxy-webhook-85fd964994-x4vl9,,,,,,,,,,,,,
364,tekton-pipelines-controller-8f8ccf45c-spk7j,,,,,,,,,,,,,
365,tekton-pipelines-webhook-744fbfbf89-w5d7n,,,,,,,,,,,,,
366,tekton-triggers-controller-857bbfdcb6-8kzm8,,,,,,,,,,,,,
367,tekton-triggers-core-interceptors-7f7776d67d-6pmxf,,,,,,,,,,,,,
368,tekton-triggers-webhook-67ddb4dd56-l26hl,,,,,,,,,,,,,
369,service-ca-58cf65dc65-hqhj2,,,,,,,,,,,,,
370,service-ca-operator-c95948678-kx6lb,,,,,,,,,,,,,
371,csi-cephfsplugin-mbbdz,,,,,,,,,,,,,
372,csi-cephfsplugin-phsxm,,,,,,,,,,,,,
373,csi-cephfsplugin-phv8g,,,,,,,,,,,,,
374,csi-cephfsplugin-provisioner-5bb7dfb996-f6vwk,,,,,,,,,,,,,
375,csi-cephfsplugin-provisioner-5bb7dfb996-k9j9x,,,,,,,,,,,,,
376,csi-rbdplugin-dcnx8,,,,,,,,,,,,,
377,csi-rbdplugin-provisioner-54bf4f7fdc-jxw42,,,,,,,,,,,,,
378,csi-rbdplugin-provisioner-54bf4f7fdc-ndz2p,,,,,,,,,,,,,
379,csi-rbdplugin-v9p6h,,,,,,,,,,,,,
380,csi-rbdplugin-z29lq,,,,,,,,,,,,,
381,noobaa-core-0,,,,,,,,,,,,,
382,noobaa-db-pg-0,,,,,,,,,,,,,
383,noobaa-endpoint-588c77bb6f-jfgvm,,,,,,,,,,,,,
384,noobaa-operator-54c576b948-z4pdh,,,,,,,,,,,,,
385,rook-ceph-crashcollector-host05.emea.operate-first.cloud-89pnf7,,,,,,,,,,,,,
386,rook-ceph-crashcollector-host06.emea.operate-first.cloud-7dz7lm,,,,,,,,,,,,,
387,rook-ceph-crashcollector-host07.emea.operate-first.cloud-7tdfxq,,,,,,,,,,,,,
388,rook-ceph-mds-ocs-storagecluster-cephfilesystem-a-6dc67bb596757,,,,,,,,,,,,,
389,rook-ceph-mds-ocs-storagecluster-cephfilesystem-b-688748c4svxdp,,,,,,,,,,,,,
390,rook-ceph-mgr-a-dd6659bb8-4j872,,,,,,,,,,,,,
391,rook-ceph-mon-a-bd9c8bc5f-csgt7,,,,,,,,,,,,,
392,rook-ceph-mon-c-57ccbf89c5-xslxp,,,,,,,,,,,,,
393,rook-ceph-mon-d-ddfbfffd5-vktwp,,,,,,,,,,,,,
394,rook-ceph-operator-6678fd45b9-t8xj8,,,,,,,,,,,,,
395,rook-ceph-osd-0-855dc5bfc8-dzddm,,,,,,,,,,,,,
396,rook-ceph-osd-1-7d47475448-drz62,,,,,,,,,,,,,
397,rook-ceph-osd-2-86bf5484b9-pm4fp,,,,,,,,,,,,,
398,rook-ceph-rgw-ocs-storagecluster-cephobjectstore-a-5cc967cc8ptz,,,,,,,,,,,,,
399,rook-ceph-tools-5fd89dd488-plqgb,,,,,,,,,,,,,
400,thanos-ruler-user-workload-0,,,,,,,,,,,,,
401,thanos-ruler-user-workload-1,,,,,,,,,,,,,
402,github-receiver-7857745954-2fcqz,,,,,,,,,,,,,
403,kafka-kafdrop-2-nc2pc,,,,,,,,,,,,,
404,opf-kafka-entity-operator-f6959744c-jchdz,,,,,,,,,,,,,
405,opf-kafka-kafka-0,,,,,,,,,,,,,
406,opf-kafka-kafka-1,,,,,,,,,,,,,
407,opf-kafka-kafka-2,,,,,,,,,,,,,
408,opf-kafka-kafka-3,,,,,,,,,,,,,
409,opf-kafka-kafka-4,,,,,,,,,,,,,
410,opf-kafka-zookeeper-0,,,,,,,,,,,,,
411,opf-kafka-zookeeper-1,,,,,,,,,,,,,
412,opf-kafka-zookeeper-2,,,,,,,,,,,,,
413,opf-kafka-zookeeper-3,,,,,,,,,,,,,
414,opf-kafka-zookeeper-4,,,,,,,,,,,,,
415,strimzi-cluster-operator-v0.27.1-8948f8fcd-7755g,,,,,,,,,,,,,
416,grafana-operator-6d8ddc5b4f-hzlqf,,,,,,,,,,,,,
417,argo-server-9b5d95f4c-mvb7s,,,,,,,,,,,,,
418,thoth-station-website-2-bssz5,,,,,,,,,,,,,
419,thoth-station-website-2-gqnrj,,,,,,,,,,,,,
420,thoth-station-website-2-qv9r5,,,,,,,,,,,,,
421,application-chart-4ad52-applicationui-655664c58-5wsxb,,,,,,,,,,,,,
422,application-chart-4ad52-applicationui-655664c58-klmfx,,,,,,,,,,,,,
423,application-chart-4ad52-consoleapi-5ddffff79d-7lxhv,,,,,,,,,,,,,
424,application-chart-4ad52-consoleapi-5ddffff79d-r5x9x,,,,,,,,,,,,,
425,console-chart-05062-console-v2-6546579c7-9nhbf,,,,,,,,,,,,,
426,console-chart-05062-console-v2-6546579c7-v958b,,,,,,,,,,,,,
427,discovery-operator-85574d4469-dbxnc,,,,,,,,,,,,,
428,grc-422d8-grcui-6c86b5fbb7-5q6b5,,,,,,,,,,,,,
429,grc-422d8-grcui-6c86b5fbb7-5zm4d,,,,,,,,,,,,,
430,grc-422d8-grcuiapi-58bcd4b9b6-l5x2c,,,,,,,,,,,,,
431,grc-422d8-grcuiapi-58bcd4b9b6-z28r5,,,,,,,,,,,,,
432,grc-422d8-policy-propagator-65dc5f84d8-4snl9,,,,,,,,,,,,,
433,grc-422d8-policy-propagator-65dc5f84d8-t7qgc,,,,,,,,,,,,,
434,hive-operator-6c8f9444cf-jgzzz,,,,,,,,,,,,,
435,infrastructure-operator-5b65fcc9d4-c9w4p,,,,,,,,,,,,,
436,klusterlet-addon-controller-v2-7dcb479b4b-dbddr,,,,,,,,,,,,,
437,klusterlet-addon-controller-v2-7dcb479b4b-ktwfh,,,,,,,,,,,,,
438,managedcluster-import-controller-v2-f9f7fdf9b-8ch5h,,,,,,,,,,,,,
439,managedcluster-import-controller-v2-f9f7fdf9b-ll7g8,,,,,,,,,,,,,
440,management-ingress-c0398-c44bd49d9-mhf28,,,,,,,,,,,,,
441,management-ingress-c0398-c44bd49d9-st6wd,,,,,,,,,,,,,
442,multicluster-observability-operator-658dcf4f7d-c9c56,,,,,,,,,,,,,
443,multicluster-operators-application-748fc69f6d-zv4c9,,,,,,,,,,,,,
444,multicluster-operators-channel-69fd5494d9-lrj8d,,,,,,,,,,,,,
445,multicluster-operators-hub-subscription-66497f6c68-zxgc4,,,,,,,,,,,,,
446,multicluster-operators-standalone-subscription-8666558c5c-lf9ss,,,,,,,,,,,,,
447,multiclusterhub-operator-564d64bc8d-gm8kb,,,,,,,,,,,,,
448,multiclusterhub-repo-566c6dff97-7lpq2,,,,,,,,,,,,,
449,policyreport-9f1b0-insights-client-6854899578-92l7f,,,,,,,,,,,,,
450,policyreport-9f1b0-metrics-7bfcf4dcc7-wdlvg,,,,,,,,,,,,,
451,provider-credential-controller-64898b9c7d-vjmfj,,,,,,,,,,,,,
452,search-operator-6989bb56b8-scnsz,,,,,,,,,,,,,
453,search-prod-98d13-search-aggregator-54b5f8dbbc-8hb6h,,,,,,,,,,,,,
454,search-prod-98d13-search-api-544f9b4fb8-8vcbn,,,,,,,,,,,,,
455,search-prod-98d13-search-api-544f9b4fb8-bwcsp,,,,,,,,,,,,,
456,search-prod-98d13-search-collector-5f5cb9dbd6-x6xj6,,,,,,,,,,,,,
457,search-redisgraph-0,,,,,,,,,,,,,
458,search-ui-746b8669d8-ldsj8,,,,,,,,,,,,,
459,search-ui-746b8669d8-mdb8q,,,,,,,,,,,,,
460,submariner-addon-84bbbbc544-74rrk,,,,,,,,,,,,,
461,argocd-application-controller-0,,,,,,,,,,,,,
462,argocd-applicationset-controller-5558c458d5-j82xz,,,,,,,,,,,,,
463,argocd-dex-server-865f44c5f-rj52m,,,,,,,,,,,,,
464,argocd-notifications-controller-f9f479494-sz79g,,,,,,,,,,,,,
465,argocd-redis-5945dcfb89-xlx62,,,,,,,,,,,,,
466,argocd-repo-server-84f69dddb5-ktb97,,,,,,,,,,,,,
467,argocd-server-764448574-44l8l,,,,,,,,,,,,,
468,moc-nfs-democratic-csi-controller-5746bf59c8-cj5q8,,,,,,,,,,,,,
469,moc-nfs-democratic-csi-node-6c7xv,,,,,,,,,,,,,
470,moc-nfs-democratic-csi-node-97jxf,,,,,,,,,,,,,
471,moc-nfs-democratic-csi-node-pfv67,,,,,,,,,,,,,
472,opf-external-secrets-645bfcc4-xkvz6,,,,,,,,,,,,,
473,opf-external-secrets-cert-controller-f959cddb9-h7m79,,,,,,,,,,,,,
474,opf-external-secrets-webhook-77875d98d7-782bl,,,,,,,,,,,,,
475,hive-clustersync-0,,,,,,,,,,,,,
476,hive-controllers-7896566f8d-vfkjw,,,,,,,,,,,,,
477,hiveadmission-75b6c75c54-2thr5,,,,,,,,,,,,,
478,hiveadmission-75b6c75c54-kz8tq,,,,,,,,,,,,,
479,idp-mgmt-installer-controller-manager-74484b54b-hrpxf,,,,,,,,,,,,,
480,idp-mgmt-operator-manager-758f444747-jrzzq,,,,,,,,,,,,,
481,idp-mgmt-webhook-service-76f4cd849f-lkch7,,,,,,,,,,,,,
482,dex-operator-5d897d76db-hzlzw,,,,,,,,,,,,,
483,dex-server-6c47ffb47f-l77qj,,,,,,,,,,,,,
484,dex-server-79d754c768-v6zwg,,,,,,,,,,,,,
485,keycloak-0,,,,,,,,,,,,,
486,keycloak-postgresql-75d94cb689-pkzfd,,,,,,,,,,,,,
487,rhsso-operator-7d84c687c9-v9pl9,,,,,,,,,,,,,
488,klusterlet-85dd9df585-4d79l,,,,,,,,,,,,,
489,klusterlet-registration-agent-54ccdb6d79-86m22,,,,,,,,,,,,,
490,klusterlet-registration-agent-54ccdb6d79-92bl8,,,,,,,,,,,,,
491,klusterlet-registration-agent-54ccdb6d79-cvgqt,,,,,,,,,,,,,
492,klusterlet-work-agent-669c996b89-5c6v7,,,,,,,,,,,,,
493,klusterlet-work-agent-669c996b89-7xflx,,,,,,,,,,,,,
494,klusterlet-work-agent-669c996b89-n25db,,,,,,,,,,,,,
495,klusterlet-addon-appmgr-7d66c46fb7-5bwdr,,,,,,,,,,,,,
496,klusterlet-addon-certpolicyctrl-d886ddb8d-zzw4g,,,,,,,,,,,,,
497,klusterlet-addon-iampolicyctrl-58cc78cc65-psfz7,,,,,,,,,,,,,
498,klusterlet-addon-operator-794759466f-jczdt,,,,,,,,,,,,,
499,klusterlet-addon-policyctrl-config-policy-675f6dfcc7-j9s5k,,,,,,,,,,,,,
500,klusterlet-addon-policyctrl-framework-54745dbdc5-t6dzf,,,,,,,,,,,,,
501,klusterlet-addon-workmgr-5dddd7fd55-h94xn,,,,,,,,,,,,,
502,authentication-operator-8fcbc484-rxnn4,,,,,,,,,,,,,
503,cloud-credential-operator-787dbcbf7-g5z6r,,,,,,,,,,,,,
504,tuned-9gkk4,,,,,,,,,,,,,
505,tuned-vwbzp,,,,,,,,,,,,,
506,tuned-xztlr,,,,,,,,,,,,,
507,csi-snapshot-controller-7d59fd7fcf-cqc76,,,,,,,,,,,,,
508,csi-snapshot-controller-7d59fd7fcf-nkkcg,,,,,,,,,,,,,
509,csi-snapshot-controller-operator-c5bd4bd55-7797d,,,,,,,,,,,,,
510,csi-snapshot-webhook-b6db45794-jdl9h,,,,,,,,,,,,,
511,csi-snapshot-webhook-b6db45794-xcw5p,,,,,,,,,,,,,
512,console-6fcd6795cf-cf8fx,,,,,,,,,,,,,
513,console-6fcd6795cf-n6p28,,,,,,,,,,,,,
514,downloads-89bbbdfff-c8cfz,,,,,,,,,,,,,
515,downloads-89bbbdfff-lxcww,,,,,,,,,,,,,
516,console-operator-9c6db585-h8pf8,,,,,,,,,,,,,
517,node-resolver-hf4vl,,,,,,,,,,,,,
518,node-resolver-hj7sq,,,,,,,,,,,,,
519,node-resolver-xzd5f,,,,,,,,,,,,,
520,node-ca-966xl,,,,,,,,,,,,,
521,node-ca-ffhw4,,,,,,,,,,,,,
522,node-ca-q8ss5,,,,,,,,,,,,,
523,router-default-5b656b75bd-sxsb2,,,,,,,,,,,,,
524,router-default-5b656b75bd-zcn64,,,,,,,,,,,,,
525,ingress-canary-5pqjp,,,,,,,,,,,,,
526,ingress-canary-69kdw,,,,,,,,,,,,,
527,ingress-canary-srtbm,,,,,,,,,,,,,
528,ingress-operator-7b876f8cff-82w8p,,,,,,,,,,,,,
529,insights-operator-684b5679-dfp79,,,,,,,,,,,,,
530,migrator-f8c949d6d-p9gpl,,,,,,,,,,,,,
531,kube-storage-version-migrator-operator-7d65c77f94-4rtq2,,,,,,,,,,,,,
532,collector-cmgdr,,,,,,,,,,,,,
533,collector-kmbjx,,,,,,,,,,,,,
534,collector-ln82z,,,,,,,,,,,,,
535,metal3-5cfd8454d5-7qfgk,,,,,,,,,,,,,
536,metal3-image-cache-22mms,,,,,,,,,,,,,
537,metal3-image-cache-kslwh,,,,,,,,,,,,,
538,metal3-image-cache-mmzn2,,,,,,,,,,,,,
539,certified-operators-62jk6,,,,,,,,,,,,,
540,certified-operators-rrdvh,,,,,,,,,,,,,
541,community-operators-m8p9n,,,,,,,,,,,,,
542,community-operators-pq44w,,,,,,,,,,,,,
543,marketplace-operator-56c4446d89-gpbn4,,,,,,,,,,,,,
544,redhat-marketplace-6655j,,,,,,,,,,,,,
545,redhat-marketplace-gn84h,,,,,,,,,,,,,
546,redhat-marketplace-ll9zc,,,,,,,,,,,,,
547,redhat-operators-7bwd2,,,,,,,,,,,,,
548,redhat-operators-fqjz7,,,,,,,,,,,,,
549,alertmanager-main-0,,,,,,,,,,,,,
550,alertmanager-main-1,,,,,,,,,,,,,
551,alertmanager-main-2,,,,,,,,,,,,,
552,grafana-5b547b95d8-6pb7t,,,,,,,,,,,,,
553,kube-state-metrics-6948b56bbf-knf24,,,,,,,,,,,,,
554,node-exporter-2mlnj,,,,,,,,,,,,,
555,node-exporter-jbwbn,,,,,,,,,,,,,
556,node-exporter-rsqzv,,,,,,,,,,,,,
557,telemeter-client-6dfbc896f7-9hkrm,,,,,,,,,,,,,
558,thanos-querier-69d86d997-8zwvd,,,,,,,,,,,,,
559,thanos-querier-69d86d997-qf4fp,,,,,,,,,,,,,
560,multus-5z4q8,,,,,,,,,,,,,
561,multus-additional-cni-plugins-8mgj4,,,,,,,,,,,,,
562,multus-additional-cni-plugins-xb8zl,,,,,,,,,,,,,
563,multus-additional-cni-plugins-xjszz,,,,,,,,,,,,,
564,multus-admission-controller-5vl57,,,,,,,,,,,,,
565,multus-admission-controller-68rxv,,,,,,,,,,,,,
566,multus-admission-controller-77td9,,,,,,,,,,,,,
567,multus-f62l9,,,,,,,,,,,,,
568,multus-z7v7m,,,,,,,,,,,,,
569,network-metrics-daemon-5tzxq,,,,,,,,,,,,,
570,network-metrics-daemon-bfb7b,,,,,,,,,,,,,
571,network-metrics-daemon-llk42,,,,,,,,,,,,,
572,network-operator-5dc9548b7f-zb7mr,,,,,,,,,,,,,
573,catalog-operator-744b987d5c-l68hh,,,,,,,,,,,,,
574,olm-operator-858588f97b-spclw,,,,,,,,,,,,,
575,packageserver-5947498694-6z9rm,,,,,,,,,,,,,
576,packageserver-5947498694-8dfmf,,,,,,,,,,,,,
577,cert-manager-845449b77-k6fzl,,,,,,,,,,,,,
578,cert-manager-cainjector-5c7665b9f7-tfhgk,,,,,,,,,,,,,
579,cert-manager-webhook-6796bb4df5-9pvxn,,,,,,,,,,,,,
580,devworkspace-controller-59b64c6ddc-zm7sf,,,,,,,,,,,,,
581,devworkspace-webhook-server-695868649d-tvl7n,,,,,,,,,,,,,
582,external-secrets-operator-controller-manager-5dbd5459c8-qlvs5,,,,,,,,,,,,,
583,ovnkube-master-9r6dv,,,,,,,,,,,,,
584,ovnkube-master-h748s,,,,,,,,,,,,,
585,ovnkube-master-s4rgb,,,,,,,,,,,,,
586,ovnkube-node-nm2dw,,,,,,,,,,,,,
587,ovnkube-node-th5zk,,,,,,,,,,,,,
588,ovnkube-node-v9cfx,,,,,,,,,,,,,
589,service-ca-58cf65dc65-4k27v,,,,,,,,,,,,,
590,service-ca-operator-c95948678-ssk95,,,,,,,,,,,,,
591,thanos-ruler-user-workload-0,,,,,,,,,,,,,
592,thanos-ruler-user-workload-1,,,,,,,,,,,,,
593,github-receiver-59b79dd7bd-2jzqz,,,,,,,,,,,,,
594,k8s-annotations-exporter-859ddb9549-zm7nx,,,,,,,,,,,,,
595,meteor-26nt9-jupyterbook-b9d65c846-vxj44,,,,,,,,,,,,,
596,meteor-9jh2c-jupyterbook-74b9dc5889-ph6rp,,,,,,,,,,,,,
597,meteor-brpkp-jupyterbook-645986c47b-5j56g,,,,,,,,,,,,,
598,meteor-hbk8z-jupyterbook-74b78d55bb-5ntsh,,,,,,,,,,,,,
599,meteor-operator-controller-manager-7b6f5575d5-l5czm,,,,,,,,,,,,,
600,meteor-shower-587c4985d7-m9zxw,,,,,,,,,,,,,
601,meteor-shower-perseids-697dd6b9f7-l6lv9,,,,,,,,,,,,,
602,pushgateway-6d75f79b95-g5khz,,,,,,,,,,,,,
603,ads-ui-25-8qpcd,,,,,,,,,,,,,
604,api-designer-poc-20-ptxfb,,,,,,,,,,,,,
605,studio-editors-15-9knph,,,,,,,,,,,,,
606,apicurio-bot-75dc486b59-sz2wt,,,,,,,,,,,,,
607,apicurio-registry-c89c8df66-l6kzs,,,,,,,,,,,,,
608,apicurio-registry-mt-6dc6b6bb67-tvc2j,,,,,,,,,,,,,
609,apicurio-registry-mt-ui-mt-6cf7574bf9-m9qqw,,,,,,,,,,,,,
610,apicurio-registry-postgresql-mt-6b5b966997-v5rb4,,,,,,,,,,,,,
611,limitador-mt-6f77565645-sqgml,,,,,,,,,,,,,
612,b4mad-racing-influxdb2-fc859c95d-99fsh,,,,,,,,,,,,,
613,b4mad-racing-mosquitto-5f46f4bf9-gbghr,,,,,,,,,,,,,
614,b4mad-racing-telegraf-7b4f564957-lz24h,,,,,,,,,,,,,
615,grafana-deployment-865df986d-z22nv,,,,,,,,,,,,,
616,grafana-operator-controller-manager-54d6dd4768-hf5h2,,,,,,,,,,,,,
617,moc-nfs-democratic-csi-controller-86568bf79c-zfpcl,,,,,,,,,,,,,
618,moc-nfs-democratic-csi-node-4m8vz,,,,,,,,,,,,,
619,moc-nfs-democratic-csi-node-5cmn9,,,,,,,,,,,,,
620,moc-nfs-democratic-csi-node-6g6mg,,,,,,,,,,,,,
621,moc-nfs-democratic-csi-node-6gc8q,,,,,,,,,,,,,
622,moc-nfs-democratic-csi-node-6x9d9,,,,,,,,,,,,,
623,moc-nfs-democratic-csi-node-82xvf,,,,,,,,,,,,,
624,moc-nfs-democratic-csi-node-8wf69,,,,,,,,,,,,,
625,moc-nfs-democratic-csi-node-bkgwb,,,,,,,,,,,,,
626,moc-nfs-democratic-csi-node-djvbm,,,,,,,,,,,,,
627,moc-nfs-democratic-csi-node-fj2xt,,,,,,,,,,,,,
628,moc-nfs-democratic-csi-node-gwc6h,,,,,,,,,,,,,
629,moc-nfs-democratic-csi-node-hcjjd,,,,,,,,,,,,,
630,moc-nfs-democratic-csi-node-hq49r,,,,,,,,,,,,,
631,moc-nfs-democratic-csi-node-j9csc,,,,,,,,,,,,,
632,moc-nfs-democratic-csi-node-k8b6s,,,,,,,,,,,,,
633,moc-nfs-democratic-csi-node-krsz7,,,,,,,,,,,,,
634,moc-nfs-democratic-csi-node-mmkkq,,,,,,,,,,,,,
635,moc-nfs-democratic-csi-node-nmwff,,,,,,,,,,,,,
636,moc-nfs-democratic-csi-node-qm6b2,,,,,,,,,,,,,
637,moc-nfs-democratic-csi-node-skkbh,,,,,,,,,,,,,
638,moc-nfs-democratic-csi-node-sslmc,,,,,,,,,,,,,
639,moc-nfs-democratic-csi-node-tgqnl,,,,,,,,,,,,,
640,moc-nfs-democratic-csi-node-tpdtt,,,,,,,,,,,,,
641,moc-nfs-democratic-csi-node-vcz9x,,,,,,,,,,,,,
642,moc-nfs-democratic-csi-node-wn75t,,,,,,,,,,,,,
643,moc-nfs-democratic-csi-node-wq2ll,,,,,,,,,,,,,
644,dex-6b4c4d6d88-8htfb,,,,,,,,,,,,,
645,github-labeler-3-wbvst,,,,,,,,,,,,,
646,build-log-clustering-sklearn-default-0-classifier-599d55ddfwwwd,,,,,,,,,,,,,
647,demo-seldon-test-demo-predictor-0-demo-clf-76f57658dc-6g5tz,,,,,,,,,,,,,
648,osp-seldon-osp-pred-0-osp-clf-84679fd555-lhtpj,,,,,,,,,,,,,
649,seldon-22fa50511a553f1fd1d58a44685461f7-5f66bd97d4-pg2ws,,,,,,,,,,,,,
650,seldon-controller-manager-5848d46969-vp898,,,,,,,,,,,,,
651,opf-external-secrets-645bfcc4-b6wkn,,,,,,,,,,,,,
652,opf-external-secrets-cert-controller-f959cddb9-hdjcb,,,,,,,,,,,,,
653,opf-external-secrets-webhook-77875d98d7-w9wfj,,,,,,,,,,,,,
654,localstack-5cd5d8777b-g46vf,,,,,,,,,,,,,
655,my-notebook-fybrik-applications-arrow-flight-module-arrow-5wsmw,,,,,,,,,,,,,
656,katalog-connector-67bf958f4c-69qhn,,,,,,,,,,,,,
657,manager-6dc8b894f5-4l4p5,,,,,,,,,,,,,
658,opa-569697f75c-57lm8,,,,,,,,,,,,,
659,opa-connector-5bc8bd7fb4-9wqp8,,,,,,,,,,,,,
660,vault-0,,,,,,,,,,,,,
661,koku-metrics-controller-manager-7c5c4cdf6-852pl,,,,,,,,,,,,,
662,postgresql-1-xb5gk,,,,,,,,,,,,,
663,metadata-envoy-deployment-5b4856dd5-24kh6,,,,,,,,,,,,,
664,metadata-grpc-deployment-6b5685488-kwqmk,,,,,,,,,,,,,
665,metadata-writer-6f47b6999-kf4g7,,,,,,,,,,,,,
666,minio-8579d9b749-7m9hp,,,,,,,,,,,,,
667,ml-pipeline-ff5574bbb-7r7k5,,,,,,,,,,,,,
668,ml-pipeline-persistenceagent-668cc9fdb8-rb2wb,,,,,,,,,,,,,
669,ml-pipeline-scheduledworkflow-575c8457dc-q9xhx,,,,,,,,,,,,,
670,ml-pipeline-ui-7fb5d9ddd4-fxhx5,,,,,,,,,,,,,
671,ml-pipeline-viewer-crd-5878c6454f-zzkgm,,,,,,,,,,,,,
672,ml-pipeline-visualizationserver-6876996cdd-52pmc,,,,,,,,,,,,,
673,mysql-f7b9b7dd4-l4bbk,,,,,,,,,,,,,
674,final-presentn-rc-deployment-6748985f4f-9tkdg,,,,,,,,,,,,,
675,memory-over-utilization-sindhu-7c697d9bbd-gx248,,,,,,,,,,,,,
676,rc-cpu-over-utilization-5689c44cdc-6tkh4,,,,,,,,,,,,,
677,rc-cpu-under-utilization-6d585c6dcf-skmzp,,,,,,,,,,,,,
678,rc-replica-controller-2wf7g,,,,,,,,,,,,,
679,rc-replica-controller-m84t4,,,,,,,,,,,,,
680,rc-sindhu-mem-under-uti-d95bf66c9-5jwg9,,,,,,,,,,,,,
681,selen-cpu-const-load-test-b9f9f4f87-mflbh,,,,,,,,,,,,,
682,node-interface-labeler-4wsxs,,,,,,,,,,,,,
683,node-interface-labeler-5mgbc,,,,,,,,,,,,,
684,node-interface-labeler-5sxxv,,,,,,,,,,,,,
685,node-interface-labeler-7fq9d,,,,,,,,,,,,,
686,node-interface-labeler-7g2fq,,,,,,,,,,,,,
687,node-interface-labeler-8f8rj,,,,,,,,,,,,,
688,node-interface-labeler-cntm9,,,,,,,,,,,,,
689,node-interface-labeler-cqmx9,,,,,,,,,,,,,
690,node-interface-labeler-cwj2w,,,,,,,,,,,,,
691,node-interface-labeler-czvw2,,,,,,,,,,,,,
692,node-interface-labeler-g7z8p,,,,,,,,,,,,,
693,node-interface-labeler-glk9h,,,,,,,,,,,,,
694,node-interface-labeler-h8q6z,,,,,,,,,,,,,
695,node-interface-labeler-j7pcp,,,,,,,,,,,,,
696,node-interface-labeler-ksrwl,,,,,,,,,,,,,
697,node-interface-labeler-lqvkh,,,,,,,,,,,,,
698,node-interface-labeler-m44v7,,,,,,,,,,,,,
699,node-interface-labeler-m8r4v,,,,,,,,,,,,,
700,node-interface-labeler-mzphg,,,,,,,,,,,,,
701,node-interface-labeler-s5kfg,,,,,,,,,,,,,
702,node-interface-labeler-spgqs,,,,,,,,,,,,,
703,node-interface-labeler-tnh7c,,,,,,,,,,,,,
704,node-interface-labeler-vr7n5,,,,,,,,,,,,,
705,node-interface-labeler-w4xvv,,,,,,,,,,,,,
706,node-interface-labeler-w7zhc,,,,,,,,,,,,,
707,node-interface-labeler-zj6md,,,,,,,,,,,,,
708,klusterlet-85dd9df585-l75fp,,,,,,,,,,,,,
709,klusterlet-registration-agent-6cb5796b74-28jpx,,,,,,,,,,,,,
710,klusterlet-registration-agent-6cb5796b74-t4zl5,,,,,,,,,,,,,
711,klusterlet-registration-agent-6cb5796b74-vt7l5,,,,,,,,,,,,,
712,klusterlet-work-agent-588d5bc6b4-6wk88,,,,,,,,,,,,,
713,klusterlet-work-agent-588d5bc6b4-vnwkc,,,,,,,,,,,,,
714,klusterlet-work-agent-588d5bc6b4-xqxxt,,,,,,,,,,,,,
715,klusterlet-addon-appmgr-87cb9fd59-qqxws,,,,,,,,,,,,,
716,klusterlet-addon-certpolicyctrl-6cd8dc7db9-mdsdl,,,,,,,,,,,,,
717,klusterlet-addon-iampolicyctrl-5cf6c8556c-rsrhc,,,,,,,,,,,,,
718,klusterlet-addon-operator-794759466f-2m5kf,,,,,,,,,,,,,
719,klusterlet-addon-policyctrl-config-policy-5967cc5f47-s2j4v,,,,,,,,,,,,,
720,klusterlet-addon-policyctrl-framework-54c484975b-4tsns,,,,,,,,,,,,,
721,klusterlet-addon-search-596695c646-h2n5w,,,,,,,,,,,,,
722,klusterlet-addon-workmgr-5898bf8559-jzh8v,,,,,,,,,,,,,
723,opendatahub-operator-7f756797c5-7bv57,,,,,,,,,,,,,
724,authentication-operator-5459558974-lvfv2,,,,,,,,,,,,,
725,cloud-credential-operator-7fb4564cbf-pchhd,,,,,,,,,,,,,
726,tuned-2sbrn,,,,,,,,,,,,,
727,tuned-4wf44,,,,,,,,,,,,,
728,tuned-5mgh9,,,,,,,,,,,,,
729,tuned-72wmb,,,,,,,,,,,,,
730,tuned-94m2x,,,,,,,,,,,,,
731,tuned-9kcp2,,,,,,,,,,,,,
732,tuned-cvhj9,,,,,,,,,,,,,
733,tuned-dw6hn,,,,,,,,,,,,,
734,tuned-f52gj,,,,,,,,,,,,,
735,tuned-hhrjm,,,,,,,,,,,,,
736,tuned-hhwgk,,,,,,,,,,,,,
737,tuned-l5gb6,,,,,,,,,,,,,
738,tuned-l72lv,,,,,,,,,,,,,
739,tuned-l9mnh,,,,,,,,,,,,,
740,tuned-lc7bj,,,,,,,,,,,,,
741,tuned-ld6qk,,,,,,,,,,,,,
742,tuned-pgvrq,,,,,,,,,,,,,
743,tuned-q55qn,,,,,,,,,,,,,
744,tuned-qdl7x,,,,,,,,,,,,,
745,tuned-qjvq8,,,,,,,,,,,,,
746,tuned-r89m5,,,,,,,,,,,,,
747,tuned-rrccf,,,,,,,,,,,,,
748,tuned-rztnc,,,,,,,,,,,,,
749,tuned-s8px8,,,,,,,,,,,,,
750,tuned-t8phj,,,,,,,,,,,,,
751,tuned-twzzw,,,,,,,,,,,,,
752,tuned-xhczl,,,,,,,,,,,,,
753,tuned-z9h58,,,,,,,,,,,,,
754,tuned-zkxjg,,,,,,,,,,,,,
755,csi-snapshot-controller-55d65cb654-cgkg9,,,,,,,,,,,,,
756,csi-snapshot-controller-55d65cb654-s9sp7,,,,,,,,,,,,,
757,csi-snapshot-controller-operator-5f59c86648-p547p,,,,,,,,,,,,,
758,csi-snapshot-webhook-5bd76cb56-cj726,,,,,,,,,,,,,
759,csi-snapshot-webhook-5bd76cb56-gqwmb,,,,,,,,,,,,,
760,bridge-marker-2gnsd,,,,,,,,,,,,,
761,bridge-marker-2hb8f,,,,,,,,,,,,,
762,bridge-marker-4qk2w,,,,,,,,,,,,,
763,bridge-marker-8wfg9,,,,,,,,,,,,,
764,bridge-marker-8zfkw,,,,,,,,,,,,,
765,bridge-marker-96x2n,,,,,,,,,,,,,
766,bridge-marker-9m5tp,,,,,,,,,,,,,
767,bridge-marker-d6jsp,,,,,,,,,,,,,
768,bridge-marker-ddhdb,,,,,,,,,,,,,
769,bridge-marker-f286g,,,,,,,,,,,,,
770,bridge-marker-fjh8f,,,,,,,,,,,,,
771,bridge-marker-fn542,,,,,,,,,,,,,
772,bridge-marker-g4mpl,,,,,,,,,,,,,
773,bridge-marker-g5msq,,,,,,,,,,,,,
774,bridge-marker-ggctg,,,,,,,,,,,,,
775,bridge-marker-hv7sj,,,,,,,,,,,,,
776,bridge-marker-jsxsj,,,,,,,,,,,,,
777,bridge-marker-k9d6b,,,,,,,,,,,,,
778,bridge-marker-lztv6,,,,,,,,,,,,,
779,bridge-marker-mn5xp,,,,,,,,,,,,,
780,bridge-marker-r6g7v,,,,,,,,,,,,,
781,bridge-marker-rkqk5,,,,,,,,,,,,,
782,bridge-marker-s5psg,,,,,,,,,,,,,
783,bridge-marker-tggrw,,,,,,,,,,,,,
784,bridge-marker-ttd88,,,,,,,,,,,,,
785,bridge-marker-vmb97,,,,,,,,,,,,,
786,bridge-marker-vxzcb,,,,,,,,,,,,,
787,bridge-marker-xsr8s,,,,,,,,,,,,,
788,bridge-marker-zwct6,,,,,,,,,,,,,
789,cdi-apiserver-7b54b46958-6cs96,,,,,,,,,,,,,
790,cdi-deployment-d9cd847bd-k77cd,,,,,,,,,,,,,
791,cdi-operator-8566496447-k9bsd,,,,,,,,,,,,,
792,cdi-uploadproxy-577779dc88-zx72d,,,,,,,,,,,,,
793,hco-operator-7664ff679c-dzldq,,,,,,,,,,,,,
794,hco-webhook-59f55b9596-jjw99,,,,,,,,,,,,,
795,hostpath-provisioner-operator-7cb64bb5dd-2hdg7,,,,,,,,,,,,,
796,hyperconverged-cluster-cli-download-575569585c-7vnsr,,,,,,,,,,,,,
797,kube-cni-linux-bridge-plugin-5lqsv,,,,,,,,,,,,,
798,kube-cni-linux-bridge-plugin-6749p,,,,,,,,,,,,,
799,kube-cni-linux-bridge-plugin-7xmg4,,,,,,,,,,,,,
800,kube-cni-linux-bridge-plugin-99r6g,,,,,,,,,,,,,
801,kube-cni-linux-bridge-plugin-9nvdf,,,,,,,,,,,,,
802,kube-cni-linux-bridge-plugin-9scf2,,,,,,,,,,,,,
803,kube-cni-linux-bridge-plugin-c6ghv,,,,,,,,,,,,,
804,kube-cni-linux-bridge-plugin-cv9fw,,,,,,,,,,,,,
805,kube-cni-linux-bridge-plugin-fxxjn,,,,,,,,,,,,,
806,kube-cni-linux-bridge-plugin-h6p7d,,,,,,,,,,,,,
807,kube-cni-linux-bridge-plugin-j5wkh,,,,,,,,,,,,,
808,kube-cni-linux-bridge-plugin-jzdng,,,,,,,,,,,,,
809,kube-cni-linux-bridge-plugin-kdrtj,,,,,,,,,,,,,
810,kube-cni-linux-bridge-plugin-kgtgx,,,,,,,,,,,,,
811,kube-cni-linux-bridge-plugin-kttmv,,,,,,,,,,,,,
812,kube-cni-linux-bridge-plugin-kx6jz,,,,,,,,,,,,,
813,kube-cni-linux-bridge-plugin-lrqm6,,,,,,,,,,,,,
814,kube-cni-linux-bridge-plugin-mptjh,,,,,,,,,,,,,
815,kube-cni-linux-bridge-plugin-nl5gz,,,,,,,,,,,,,
816,kube-cni-linux-bridge-plugin-ntn2x,,,,,,,,,,,,,
817,kube-cni-linux-bridge-plugin-qqsp8,,,,,,,,,,,,,
818,kube-cni-linux-bridge-plugin-qwp9n,,,,,,,,,,,,,
819,kube-cni-linux-bridge-plugin-rh8t4,,,,,,,,,,,,,
820,kube-cni-linux-bridge-plugin-scd82,,,,,,,,,,,,,
821,kube-cni-linux-bridge-plugin-tbvtx,,,,,,,,,,,,,
822,kube-cni-linux-bridge-plugin-tk78v,,,,,,,,,,,,,
823,kube-cni-linux-bridge-plugin-v9zp6,,,,,,,,,,,,,
824,kube-cni-linux-bridge-plugin-vsdlf,,,,,,,,,,,,,
825,kube-cni-linux-bridge-plugin-z87h8,,,,,,,,,,,,,
826,kubemacpool-cert-manager-5c6ff9bc4b-smjrr,,,,,,,,,,,,,
827,kubemacpool-mac-controller-manager-74df4986c7-7sf7w,,,,,,,,,,,,,
828,node-maintenance-operator-6954fb795f-cf2fg,,,,,,,,,,,,,
829,ssp-operator-85976df5f9-fxllw,,,,,,,,,,,,,
830,vm-import-controller-78f89fb8f9-d9d85,,,,,,,,,,,,,
831,vm-import-operator-74cfbd48b8-nmzt5,,,,,,,,,,,,,
832,console-6dfb5bdf74-27fnd,,,,,,,,,,,,,
833,console-6dfb5bdf74-xxxth,,,,,,,,,,,,,
834,downloads-7f9bf9b68c-ft4mf,,,,,,,,,,,,,
835,downloads-7f9bf9b68c-khqr7,,,,,,,,,,,,,
836,console-operator-6fd89bb96c-cnnkp,,,,,,,,,,,,,
837,jaeger-operator-675b69d4f6-tpl6h,,,,,,,,,,,,,
838,node-resolver-464vg,,,,,,,,,,,,,
839,node-resolver-4chnv,,,,,,,,,,,,,
840,node-resolver-52zcc,,,,,,,,,,,,,
841,node-resolver-6xt2g,,,,,,,,,,,,,
842,node-resolver-72zr5,,,,,,,,,,,,,
843,node-resolver-84p9l,,,,,,,,,,,,,
844,node-resolver-bczcm,,,,,,,,,,,,,
845,node-resolver-bq8ks,,,,,,,,,,,,,
846,node-resolver-bv6vg,,,,,,,,,,,,,
847,node-resolver-crzgh,,,,,,,,,,,,,
848,node-resolver-czx6q,,,,,,,,,,,,,
849,node-resolver-d6lk9,,,,,,,,,,,,,
850,node-resolver-dn6hs,,,,,,,,,,,,,
851,node-resolver-fn6fr,,,,,,,,,,,,,
852,node-resolver-gwrnc,,,,,,,,,,,,,
853,node-resolver-hdshh,,,,,,,,,,,,,
854,node-resolver-kmp4q,,,,,,,,,,,,,
855,node-resolver-mn426,,,,,,,,,,,,,
856,node-resolver-ntnt9,,,,,,,,,,,,,
857,node-resolver-nxxd7,,,,,,,,,,,,,
858,node-resolver-q2krr,,,,,,,,,,,,,
859,node-resolver-slpbh,,,,,,,,,,,,,
860,node-resolver-t5h4w,,,,,,,,,,,,,
861,node-resolver-t8qcl,,,,,,,,,,,,,
862,node-resolver-wj6rc,,,,,,,,,,,,,
863,node-resolver-wk5hg,,,,,,,,,,,,,
864,node-resolver-wpk2n,,,,,,,,,,,,,
865,node-resolver-wz2zw,,,,,,,,,,,,,
866,node-resolver-xrl7d,,,,,,,,,,,,,
867,node-ca-2bhlr,,,,,,,,,,,,,
868,node-ca-2xxkr,,,,,,,,,,,,,
869,node-ca-48r79,,,,,,,,,,,,,
870,node-ca-4plfg,,,,,,,,,,,,,
871,node-ca-4qhtg,,,,,,,,,,,,,
872,node-ca-547xk,,,,,,,,,,,,,
873,node-ca-58g6n,,,,,,,,,,,,,
874,node-ca-66dgm,,,,,,,,,,,,,
875,node-ca-6nn4n,,,,,,,,,,,,,
876,node-ca-9l8nk,,,,,,,,,,,,,
877,node-ca-fjbfr,,,,,,,,,,,,,
878,node-ca-gf4wq,,,,,,,,,,,,,
879,node-ca-ghhjz,,,,,,,,,,,,,
880,node-ca-gtgxc,,,,,,,,,,,,,
881,node-ca-kjk4w,,,,,,,,,,,,,
882,node-ca-lzcbk,,,,,,,,,,,,,
883,node-ca-mddng,,,,,,,,,,,,,
884,node-ca-pkp72,,,,,,,,,,,,,
885,node-ca-plb86,,,,,,,,,,,,,
886,node-ca-q6f2k,,,,,,,,,,,,,
887,node-ca-r2lz2,,,,,,,,,,,,,
888,node-ca-r6btt,,,,,,,,,,,,,
889,node-ca-t22x2,,,,,,,,,,,,,
890,node-ca-t65tj,,,,,,,,,,,,,
891,node-ca-tnwr2,,,,,,,,,,,,,
892,node-ca-v88nm,,,,,,,,,,,,,
893,node-ca-vftkd,,,,,,,,,,,,,
894,node-ca-wp2mr,,,,,,,,,,,,,
895,node-ca-z5h5l,,,,,,,,,,,,,
896,router-default-6c5b4dd879-97f6v,,,,,,,,,,,,,
897,router-default-6c5b4dd879-t6qqc,,,,,,,,,,,,,
898,ingress-canary-29cp4,,,,,,,,,,,,,
899,ingress-canary-4kfkc,,,,,,,,,,,,,
900,ingress-canary-94z58,,,,,,,,,,,,,
901,ingress-canary-blmff,,,,,,,,,,,,,
902,ingress-canary-bxkft,,,,,,,,,,,,,
903,ingress-canary-dk8qw,,,,,,,,,,,,,
904,ingress-canary-flvxh,,,,,,,,,,,,,
905,ingress-canary-g68zv,,,,,,,,,,,,,
906,ingress-canary-g85tx,,,,,,,,,,,,,
907,ingress-canary-glzlw,,,,,,,,,,,,,
908,ingress-canary-hpll7,,,,,,,,,,,,,
909,ingress-canary-kz2h6,,,,,,,,,,,,,
910,ingress-canary-lwdqn,,,,,,,,,,,,,
911,ingress-canary-m4s8k,,,,,,,,,,,,,
912,ingress-canary-p4bzz,,,,,,,,,,,,,
913,ingress-canary-pcl74,,,,,,,,,,,,,
914,ingress-canary-qmmck,,,,,,,,,,,,,
915,ingress-canary-rb7xw,,,,,,,,,,,,,
916,ingress-canary-rt55h,,,,,,,,,,,,,
917,ingress-canary-rwf87,,,,,,,,,,,,,
918,ingress-canary-s978q,,,,,,,,,,,,,
919,ingress-canary-smd8s,,,,,,,,,,,,,
920,ingress-canary-t7xfk,,,,,,,,,,,,,
921,ingress-canary-tqf7d,,,,,,,,,,,,,
922,ingress-canary-tqgdx,,,,,,,,,,,,,
923,ingress-canary-zldzw,,,,,,,,,,,,,
924,ingress-operator-6cfb9988b4-q9k78,,,,,,,,,,,,,
925,insights-operator-5df997fb58-hgwdm,,,,,,,,,,,,,
926,migrator-5569fb6c6-wscqp,,,,,,,,,,,,,
927,kube-storage-version-migrator-operator-86946b9bbb-lrmbx,,,,,,,,,,,,,
928,collector-45ggj,,,,,,,,,,,,,
929,collector-48kdf,,,,,,,,,,,,,
930,collector-4hnmz,,,,,,,,,,,,,
931,collector-5lp4f,,,,,,,,,,,,,
932,collector-65cxq,,,,,,,,,,,,,
933,collector-7z68k,,,,,,,,,,,,,
934,collector-968js,,,,,,,,,,,,,
935,collector-9896f,,,,,,,,,,,,,
936,collector-b4pht,,,,,,,,,,,,,
937,collector-bv7wh,,,,,,,,,,,,,
938,collector-dg82t,,,,,,,,,,,,,
939,collector-dpskn,,,,,,,,,,,,,
940,collector-f6t2v,,,,,,,,,,,,,
941,collector-fbtxz,,,,,,,,,,,,,
942,collector-fr899,,,,,,,,,,,,,
943,collector-ftnbr,,,,,,,,,,,,,
944,collector-g8pnk,,,,,,,,,,,,,
945,collector-jrgrp,,,,,,,,,,,,,
946,collector-kfvtd,,,,,,,,,,,,,
947,collector-lgdd8,,,,,,,,,,,,,
948,collector-pzfx7,,,,,,,,,,,,,
949,collector-q7865,,,,,,,,,,,,,
950,collector-s29ff,,,,,,,,,,,,,
951,collector-shsjt,,,,,,,,,,,,,
952,collector-skr8m,,,,,,,,,,,,,
953,collector-swhhw,,,,,,,,,,,,,
954,collector-w5c5h,,,,,,,,,,,,,
955,collector-w6s8b,,,,,,,,,,,,,
956,collector-wr2fd,,,,,,,,,,,,,
957,metal3-689d9f99f4-w88jc,,,,,,,,,,,,,
958,metal3-image-cache-644t9,,,,,,,,,,,,,
959,metal3-image-cache-q84pq,,,,,,,,,,,,,
960,metal3-image-cache-rq97f,,,,,,,,,,,,,
961,certified-operators-7rk7r,,,,,,,,,,,,,
962,community-operators-65t5r,,,,,,,,,,,,,
963,marketplace-operator-6d5d85c4cc-b67d8,,,,,,,,,,,,,
964,meteor-catalog-zzkcr,,,,,,,,,,,,,
965,operatorhubio-catalog-thlp4,,,,,,,,,,,,,
966,redhat-marketplace-5gvdd,,,,,,,,,,,,,
967,redhat-operators-w8csw,,,,,,,,,,,,,
968,alertmanager-main-0,,,,,,,,,,,,,
969,alertmanager-main-1,,,,,,,,,,,,,
970,alertmanager-main-2,,,,,,,,,,,,,
971,grafana-6bd6749c8c-tvsv8,,,,,,,,,,,,,
972,kube-state-metrics-df96cc89f-h5z7t,,,,,,,,,,,,,
973,node-exporter-2qntt,,,,,,,,,,,,,
974,node-exporter-4zrdb,,,,,,,,,,,,,
975,node-exporter-6l78k,,,,,,,,,,,,,
976,node-exporter-78x8h,,,,,,,,,,,,,
977,node-exporter-7gnxb,,,,,,,,,,,,,
978,node-exporter-7gzd2,,,,,,,,,,,,,
979,node-exporter-7xbb9,,,,,,,,,,,,,
980,node-exporter-8v5rh,,,,,,,,,,,,,
981,node-exporter-969fq,,,,,,,,,,,,,
982,node-exporter-bq8tq,,,,,,,,,,,,,
983,node-exporter-c4d4t,,,,,,,,,,,,,
984,node-exporter-ff9rw,,,,,,,,,,,,,
985,node-exporter-h8z5m,,,,,,,,,,,,,
986,node-exporter-hgc8k,,,,,,,,,,,,,
987,node-exporter-hk7dt,,,,,,,,,,,,,
988,node-exporter-jpdmr,,,,,,,,,,,,,
989,node-exporter-ljx2s,,,,,,,,,,,,,
990,node-exporter-mbd2x,,,,,,,,,,,,,
991,node-exporter-mtx6j,,,,,,,,,,,,,
992,node-exporter-mwscz,,,,,,,,,,,,,
993,node-exporter-pgcc9,,,,,,,,,,,,,
994,node-exporter-px5rp,,,,,,,,,,,,,
995,node-exporter-r8ctl,,,,,,,,,,,,,
996,node-exporter-t9q9x,,,,,,,,,,,,,
997,node-exporter-v95br,,,,,,,,,,,,,
998,node-exporter-vglsj,,,,,,,,,,,,,
999,node-exporter-wlfmm,,,,,,,,,,,,,
1000,node-exporter-wnlpt,,,,,,,,,,,,,
1001,node-exporter-wp9dw,,,,,,,,,,,,,
1002,telemeter-client-56bb49886-jrmld,,,,,,,,,,,,,
1003,thanos-querier-7bf6fb4c8c-d8jgw,,,,,,,,,,,,,
1004,thanos-querier-7bf6fb4c8c-jg6hk,,,,,,,,,,,,,
1005,multus-4q5vt,,,,,,,,,,,,,
1006,multus-5xnzl,,,,,,,,,,,,,
1007,multus-66vqw,,,,,,,,,,,,,
1008,multus-6bcl2,,,,,,,,,,,,,
1009,multus-8dgng,,,,,,,,,,,,,
1010,multus-8ql74,,,,,,,,,,,,,
1011,multus-additional-cni-plugins-2n6vp,,,,,,,,,,,,,
1012,multus-additional-cni-plugins-2nsnf,,,,,,,,,,,,,
1013,multus-additional-cni-plugins-4n9s9,,,,,,,,,,,,,
1014,multus-additional-cni-plugins-4zjrc,,,,,,,,,,,,,
1015,multus-additional-cni-plugins-7xzjq,,,,,,,,,,,,,
1016,multus-additional-cni-plugins-9bdxh,,,,,,,,,,,,,
1017,multus-additional-cni-plugins-bgfrh,,,,,,,,,,,,,
1018,multus-additional-cni-plugins-bmcww,,,,,,,,,,,,,
1019,multus-additional-cni-plugins-c7tts,,,,,,,,,,,,,
1020,multus-additional-cni-plugins-c96bl,,,,,,,,,,,,,
1021,multus-additional-cni-plugins-dnzzn,,,,,,,,,,,,,
1022,multus-additional-cni-plugins-fgn94,,,,,,,,,,,,,
1023,multus-additional-cni-plugins-gfsnz,,,,,,,,,,,,,
1024,multus-additional-cni-plugins-k888n,,,,,,,,,,,,,
1025,multus-additional-cni-plugins-klr5j,,,,,,,,,,,,,
1026,multus-additional-cni-plugins-kzrws,,,,,,,,,,,,,
1027,multus-additional-cni-plugins-ltnfz,,,,,,,,,,,,,
1028,multus-additional-cni-plugins-mctnz,,,,,,,,,,,,,
1029,multus-additional-cni-plugins-nj7t8,,,,,,,,,,,,,
1030,multus-additional-cni-plugins-pm94l,,,,,,,,,,,,,
1031,multus-additional-cni-plugins-q2tlp,,,,,,,,,,,,,
1032,multus-additional-cni-plugins-qbx9d,,,,,,,,,,,,,
1033,multus-additional-cni-plugins-rkhkz,,,,,,,,,,,,,
1034,multus-additional-cni-plugins-rlmks,,,,,,,,,,,,,
1035,multus-additional-cni-plugins-s7z8k,,,,,,,,,,,,,
1036,multus-additional-cni-plugins-stmfb,,,,,,,,,,,,,
1037,multus-additional-cni-plugins-t44hb,,,,,,,,,,,,,
1038,multus-additional-cni-plugins-w8r4l,,,,,,,,,,,,,
1039,multus-additional-cni-plugins-xxvxm,,,,,,,,,,,,,
1040,multus-admission-controller-npx8t,,,,,,,,,,,,,
1041,multus-admission-controller-qjt8h,,,,,,,,,,,,,
1042,multus-admission-controller-rgwfx,,,,,,,,,,,,,
1043,multus-b69gm,,,,,,,,,,,,,
1044,multus-bpxj2,,,,,,,,,,,,,
1045,multus-fpkzj,,,,,,,,,,,,,
1046,multus-fqgw9,,,,,,,,,,,,,
1047,multus-g72mn,,,,,,,,,,,,,
1048,multus-gscbd,,,,,,,,,,,,,
1049,multus-hxkx8,,,,,,,,,,,,,
1050,multus-j6b9m,,,,,,,,,,,,,
1051,multus-k48dr,,,,,,,,,,,,,
1052,multus-kf7t9,,,,,,,,,,,,,
1053,multus-khbsr,,,,,,,,,,,,,
1054,multus-kx2zx,,,,,,,,,,,,,
1055,multus-lqhrl,,,,,,,,,,,,,
1056,multus-nj2lz,,,,,,,,,,,,,
1057,multus-pp6nc,,,,,,,,,,,,,
1058,multus-q9nk2,,,,,,,,,,,,,
1059,multus-qn4rq,,,,,,,,,,,,,
1060,multus-rf58f,,,,,,,,,,,,,
1061,multus-smgkp,,,,,,,,,,,,,
1062,multus-wkwgd,,,,,,,,,,,,,
1063,multus-z22pt,,,,,,,,,,,,,
1064,multus-z2m45,,,,,,,,,,,,,
1065,multus-zdpbh,,,,,,,,,,,,,
1066,network-metrics-daemon-4qskx,,,,,,,,,,,,,
1067,network-metrics-daemon-4ssw5,,,,,,,,,,,,,
1068,network-metrics-daemon-549mk,,,,,,,,,,,,,
1069,network-metrics-daemon-595xq,,,,,,,,,,,,,
1070,network-metrics-daemon-5kwlh,,,,,,,,,,,,,
1071,network-metrics-daemon-6j8tt,,,,,,,,,,,,,
1072,network-metrics-daemon-79ttz,,,,,,,,,,,,,
1073,network-metrics-daemon-7htqc,,,,,,,,,,,,,
1074,network-metrics-daemon-9ng7f,,,,,,,,,,,,,
1075,network-metrics-daemon-b467r,,,,,,,,,,,,,
1076,network-metrics-daemon-bj9zn,,,,,,,,,,,,,
1077,network-metrics-daemon-bkkkb,,,,,,,,,,,,,
1078,network-metrics-daemon-dhz6n,,,,,,,,,,,,,
1079,network-metrics-daemon-f7slc,,,,,,,,,,,,,
1080,network-metrics-daemon-hdcz7,,,,,,,,,,,,,
1081,network-metrics-daemon-ks56k,,,,,,,,,,,,,
1082,network-metrics-daemon-lncs2,,,,,,,,,,,,,
1083,network-metrics-daemon-nglqk,,,,,,,,,,,,,
1084,network-metrics-daemon-nw5kx,,,,,,,,,,,,,
1085,network-metrics-daemon-p6sqk,,,,,,,,,,,,,
1086,network-metrics-daemon-s2tjt,,,,,,,,,,,,,
1087,network-metrics-daemon-s7dhx,,,,,,,,,,,,,
1088,network-metrics-daemon-sfghp,,,,,,,,,,,,,
1089,network-metrics-daemon-sppdx,,,,,,,,,,,,,
1090,network-metrics-daemon-vlc89,,,,,,,,,,,,,
1091,network-metrics-daemon-wj62k,,,,,,,,,,,,,
1092,network-metrics-daemon-xms5d,,,,,,,,,,,,,
1093,network-metrics-daemon-xnhrl,,,,,,,,,,,,,
1094,network-metrics-daemon-zxq54,,,,,,,,,,,,,
1095,network-operator-65b8d757d5-z2kcb,,,,,,,,,,,,,
1096,catalog-operator-5f66cc5b6f-mxc6q,,,,,,,,,,,,,
1097,olm-operator-69f54b47cb-7q82n,,,,,,,,,,,,,
1098,package-server-manager-54865c5d49-tb5hh,,,,,,,,,,,,,
1099,packageserver-659d94cd47-9gqdg,,,,,,,,,,,,,
1100,packageserver-659d94cd47-tztj9,,,,,,,,,,,,,
1101,camel-k-operator-645bc96ff4-92jwd,,,,,,,,,,,,,
1102,cert-manager-6479c98b89-gn5ns,,,,,,,,,,,,,
1103,cert-manager-cainjector-7894f4c485-mqq8h,,,,,,,,,,,,,
1104,cert-manager-webhook-79b688c56-49nkx,,,,,,,,,,,,,
1105,external-secrets-operator-controller-manager-898f5f4cb-5vtgh,,,,,,,,,,,,,
1106,openvino-operator-controller-manager-788f667d79-m8fmd,,,,,,,,,,,,,
1107,snapscheduler-controller-manager-6b57b85f57-wgb85,,,,,,,,,,,,,
1108,tekton-operator-webhook-79bc5db765-zcgn4,,,,,,,,,,,,,
1109,tekton-operator-proxy-webhook-697fccc9cc-62s46,,,,,,,,,,,,,
1110,tekton-pipelines-controller-65c59d7f5c-v54s9,,,,,,,,,,,,,
1111,tekton-pipelines-webhook-75fff6f875-5r7hf,,,,,,,,,,,,,
1112,tekton-pipelines-webhook-75fff6f875-hp67g,,,,,,,,,,,,,
1113,tekton-pipelines-webhook-75fff6f875-q9hsm,,,,,,,,,,,,,
1114,tekton-pipelines-webhook-75fff6f875-sq79v,,,,,,,,,,,,,
1115,tekton-pipelines-webhook-75fff6f875-wr8hp,,,,,,,,,,,,,
1116,tekton-pipelines-webhook-75fff6f875-wvzjr,,,,,,,,,,,,,
1117,tekton-triggers-controller-756594b64d-4jhdt,,,,,,,,,,,,,
1118,tekton-triggers-core-interceptors-84bd74965b-gb6zd,,,,,,,,,,,,,
1119,tekton-triggers-webhook-5d96785c49-2x9nt,,,,,,,,,,,,,
1120,tkn-cli-serve-f49cc4dfc-qq2w8,,,,,,,,,,,,,
1121,service-ca-7b78fcc549-9nndp,,,,,,,,,,,,,
1122,service-ca-operator-59bffff786-tcv7n,,,,,,,,,,,,,
1123,csi-rbdplugin-5x47t,,,,,,,,,,,,,
1124,csi-rbdplugin-5x7td,,,,,,,,,,,,,
1125,csi-rbdplugin-6xdsx,,,,,,,,,,,,,
1126,csi-rbdplugin-72nmj,,,,,,,,,,,,,
1127,csi-rbdplugin-7fn9j,,,,,,,,,,,,,
1128,csi-rbdplugin-7vtxh,,,,,,,,,,,,,
1129,csi-rbdplugin-88zb6,,,,,,,,,,,,,
1130,csi-rbdplugin-8rhqp,,,,,,,,,,,,,
1131,csi-rbdplugin-9c6f6,,,,,,,,,,,,,
1132,csi-rbdplugin-9sfk4,,,,,,,,,,,,,
1133,csi-rbdplugin-bp6t9,,,,,,,,,,,,,
1134,csi-rbdplugin-d9nt4,,,,,,,,,,,,,
1135,csi-rbdplugin-dfdwp,,,,,,,,,,,,,
1136,csi-rbdplugin-f7hbj,,,,,,,,,,,,,
1137,csi-rbdplugin-fmq8x,,,,,,,,,,,,,
1138,csi-rbdplugin-ft9q2,,,,,,,,,,,,,
1139,csi-rbdplugin-ftnqh,,,,,,,,,,,,,
1140,csi-rbdplugin-gfs6z,,,,,,,,,,,,,
1141,csi-rbdplugin-gncpl,,,,,,,,,,,,,
1142,csi-rbdplugin-grtsb,,,,,,,,,,,,,
1143,csi-rbdplugin-grx7v,,,,,,,,,,,,,
1144,csi-rbdplugin-h4p7p,,,,,,,,,,,,,
1145,csi-rbdplugin-jj7nm,,,,,,,,,,,,,
1146,csi-rbdplugin-provisioner-54bf4f7fdc-j9w42,,,,,,,,,,,,,
1147,csi-rbdplugin-provisioner-54bf4f7fdc-qrj92,,,,,,,,,,,,,
1148,csi-rbdplugin-qwvrg,,,,,,,,,,,,,
1149,csi-rbdplugin-zs7j5,,,,,,,,,,,,,
1150,csi-rbdplugin-zxlqv,,,,,,,,,,,,,
1151,noobaa-core-0,,,,,,,,,,,,,
1152,noobaa-db-pg-0,,,,,,,,,,,,,
1153,noobaa-default-backing-store-noobaa-pod-056de1d3,,,,,,,,,,,,,
1154,noobaa-default-backing-store-noobaa-pod-1a5a98a0,,,,,,,,,,,,,
1155,noobaa-default-backing-store-noobaa-pod-1bacff63,,,,,,,,,,,,,
1156,noobaa-default-backing-store-noobaa-pod-26de8ce0,,,,,,,,,,,,,
1157,noobaa-default-backing-store-noobaa-pod-51bf5122,,,,,,,,,,,,,
1158,noobaa-default-backing-store-noobaa-pod-56fad19f,,,,,,,,,,,,,
1159,noobaa-default-backing-store-noobaa-pod-68dfefee,,,,,,,,,,,,,
1160,noobaa-default-backing-store-noobaa-pod-718b03f7,,,,,,,,,,,,,
1161,noobaa-default-backing-store-noobaa-pod-729e0926,,,,,,,,,,,,,
1162,noobaa-default-backing-store-noobaa-pod-7ce15b33,,,,,,,,,,,,,
1163,noobaa-default-backing-store-noobaa-pod-8cfbce07,,,,,,,,,,,,,
1164,noobaa-default-backing-store-noobaa-pod-92e153c9,,,,,,,,,,,,,
1165,noobaa-default-backing-store-noobaa-pod-973a75c5,,,,,,,,,,,,,
1166,noobaa-default-backing-store-noobaa-pod-bc22ad4a,,,,,,,,,,,,,
1167,noobaa-default-backing-store-noobaa-pod-c951fdc2,,,,,,,,,,,,,
1168,noobaa-default-backing-store-noobaa-pod-d7ab6fd8,,,,,,,,,,,,,
1169,noobaa-default-backing-store-noobaa-pod-e38d0f26,,,,,,,,,,,,,
1170,noobaa-default-backing-store-noobaa-pod-e833a086,,,,,,,,,,,,,
1171,noobaa-default-backing-store-noobaa-pod-fa07f9bf,,,,,,,,,,,,,
1172,noobaa-default-backing-store-noobaa-pod-fb5ac96c,,,,,,,,,,,,,
1173,noobaa-endpoint-857697459f-277cr,,,,,,,,,,,,,
1174,noobaa-endpoint-857697459f-4qnj6,,,,,,,,,,,,,
1175,noobaa-endpoint-857697459f-4xjpt,,,,,,,,,,,,,
1176,noobaa-endpoint-857697459f-5whsz,,,,,,,,,,,,,
1177,noobaa-endpoint-857697459f-65zsz,,,,,,,,,,,,,
1178,noobaa-endpoint-857697459f-6b7vg,,,,,,,,,,,,,
1179,noobaa-endpoint-857697459f-6nwgx,,,,,,,,,,,,,
1180,noobaa-endpoint-857697459f-78kdx,,,,,,,,,,,,,
1181,noobaa-endpoint-857697459f-7l47x,,,,,,,,,,,,,
1182,noobaa-endpoint-857697459f-7zcf8,,,,,,,,,,,,,
1183,noobaa-endpoint-857697459f-86qg6,,,,,,,,,,,,,
1184,noobaa-endpoint-857697459f-8shc5,,,,,,,,,,,,,
1185,noobaa-endpoint-857697459f-94mth,,,,,,,,,,,,,
1186,noobaa-endpoint-857697459f-9cc86,,,,,,,,,,,,,
1187,noobaa-endpoint-857697459f-bgzj9,,,,,,,,,,,,,
1188,noobaa-endpoint-857697459f-bmk9v,,,,,,,,,,,,,
1189,noobaa-endpoint-857697459f-brs5w,,,,,,,,,,,,,
1190,noobaa-endpoint-857697459f-bwrnz,,,,,,,,,,,,,
1191,noobaa-endpoint-857697459f-d7qnp,,,,,,,,,,,,,
1192,noobaa-endpoint-857697459f-fkv92,,,,,,,,,,,,,
1193,noobaa-endpoint-857697459f-gzsh6,,,,,,,,,,,,,
1194,noobaa-endpoint-857697459f-jsbfn,,,,,,,,,,,,,
1195,noobaa-endpoint-857697459f-k94xn,,,,,,,,,,,,,
1196,noobaa-endpoint-857697459f-ltzg8,,,,,,,,,,,,,
1197,noobaa-endpoint-857697459f-lzz94,,,,,,,,,,,,,
1198,noobaa-endpoint-857697459f-nccsj,,,,,,,,,,,,,
1199,noobaa-endpoint-857697459f-nv9bv,,,,,,,,,,,,,
1200,noobaa-endpoint-857697459f-p49fg,,,,,,,,,,,,,
1201,noobaa-endpoint-857697459f-qbjw5,,,,,,,,,,,,,
1202,noobaa-endpoint-857697459f-rbhql,,,,,,,,,,,,,
1203,noobaa-endpoint-857697459f-rclmk,,,,,,,,,,,,,
1204,noobaa-endpoint-857697459f-rptpj,,,,,,,,,,,,,
1205,noobaa-endpoint-857697459f-rts29,,,,,,,,,,,,,
1206,noobaa-endpoint-857697459f-stdwv,,,,,,,,,,,,,
1207,noobaa-endpoint-857697459f-strj9,,,,,,,,,,,,,
1208,noobaa-endpoint-857697459f-t4mck,,,,,,,,,,,,,
1209,noobaa-endpoint-857697459f-t6949,,,,,,,,,,,,,
1210,noobaa-endpoint-857697459f-thwr6,,,,,,,,,,,,,
1211,noobaa-endpoint-857697459f-v2mwn,,,,,,,,,,,,,
1212,noobaa-endpoint-857697459f-vwwp5,,,,,,,,,,,,,
1213,noobaa-endpoint-857697459f-vzkhg,,,,,,,,,,,,,
1214,noobaa-endpoint-857697459f-w9gz8,,,,,,,,,,,,,
1215,noobaa-endpoint-857697459f-wdn74,,,,,,,,,,,,,
1216,noobaa-endpoint-857697459f-wjxrd,,,,,,,,,,,,,
1217,noobaa-operator-778479b648-xqts5,,,,,,,,,,,,,
1218,noobaa-pool-01-noobaa-pod-101ddba9,,,,,,,,,,,,,
1219,noobaa-pool-01-noobaa-pod-19702b77,,,,,,,,,,,,,
1220,noobaa-pool-01-noobaa-pod-5e920417,,,,,,,,,,,,,
1221,noobaa-pool-01-noobaa-pod-96210bd1,,,,,,,,,,,,,
1222,noobaa-pool-01-noobaa-pod-b39028c7,,,,,,,,,,,,,
1223,noobaa-pool-01-noobaa-pod-ba3d50b3,,,,,,,,,,,,,
1224,noobaa-pool-01-noobaa-pod-bd0d49f4,,,,,,,,,,,,,
1225,noobaa-pool-01-noobaa-pod-c61347c2,,,,,,,,,,,,,
1226,noobaa-pool-01-noobaa-pod-c61736a7,,,,,,,,,,,,,
1227,noobaa-pool-01-noobaa-pod-f533f177,,,,,,,,,,,,,
1228,rook-ceph-operator-7c884d4797-bxh5d,,,,,,,,,,,,,
1229,rook-ceph-tools-5fd89dd488-wlr6b,,,,,,,,,,,,,
1230,thanos-ruler-user-workload-0,,,,,,,,,,,,,
1231,thanos-ruler-user-workload-1,,,,,,,,,,,,,
1232,vertical-pod-autoscaler-operator-9b56498b8-t5vzf,,,,,,,,,,,,,
1233,vpa-admission-plugin-default-86878b9d85-f2bwm,,,,,,,,,,,,,
1234,vpa-recommender-default-69bf66f869-gdwtb,,,,,,,,,,,,,
1235,vpa-updater-default-f85f5c89-nksb6,,,,,,,,,,,,,
1236,github-receiver-54f8764567-hqf5z,,,,,,,,,,,,,
1237,argo-server-74cf64689b-j2bvw,,,,,,,,,,,,,
1238,el-aicoe-ci-listener-6db6d85b44-cbj4s,,,,,,,,,,,,,
1239,elyra-aidevsecops-tutorial-pr-515-pytorch-inference-1-j5vmc,,,,,,,,,,,,,
1240,14feaf19-d9af-11ec-b1c4-0a580a820014,,,,,,,,,,,,,
1241,9cfaf2ea-d9aa-11ec-b1c4-0a580a820014,,,,,,,,,,,,,
1242,beefa9c7-d9aa-11ec-b1c4-0a580a820014,,,,,,,,,,,,,
1243,branchprotector-27553057--1-g2952,,,,,,,,,,,,,
1244,branchprotector-27553057--1-p5zkh,,,,,,,,,,,,,
1245,branchprotector-27553057--1-tckpq,,,,,,,,,,,,,
1246,crier-796d8c7bd9-s7xk4,,,,,,,,,,,,,
1247,deck-855dbd5b8b-9lpgx,,,,,,,,,,,,,
1248,deck-855dbd5b8b-qv598,,,,,,,,,,,,,
1249,ghproxy-8579f5d9f4-6dvgj,,,,,,,,,,,,,
1250,hook-84bb67b4c-5j2vq,,,,,,,,,,,,,
1251,hook-84bb67b4c-wxxm7,,,,,,,,,,,,,
1252,horologium-6466955c4b-229sv,,,,,,,,,,,,,
1253,needs-rebase-76f75577fc-xdjcj,,,,,,,,,,,,,
1254,prow-controller-manager-7479f55975-4vzsc,,,,,,,,,,,,,
1255,sinker-7bf98ccd4d-hsc5f,,,,,,,,,,,,,
1256,statusreconciler-7bf775787d-bhvmw,,,,,,,,,,,,,
1257,tide-78656ccf44-tmjkh,,,,,,,,,,,,,
1258,odh-dashboard-6d875cb6d6-d5f2j,,,,,,,,,,,,,
1259,spark-operator-6bf594fd94-9k6r7,,,,,,,,,,,,,
1260,grafana-deployment-8bf559779-zh9xn,,,,,,,,,,,,,
1261,grafana-operator-controller-manager-7ccd794c8f-hqh8n,,,,,,,,,,,,,
1262,jupyterhub-5-7brkq,,,,,,,,,,,,,
1263,jupyterhub-5-gbbs4,,,,,,,,,,,,,
1264,jupyterhub-5-pm5jh,,,,,,,,,,,,,
1265,jupyterhub-db-2-7l7cc,,,,,,,,,,,,,
1266,jupyterhub-idle-culler-5f75c955ff-8tgr6,,,,,,,,,,,,,
1267,jupyterhub-nb-1nick156,,,,,,,,,,,,,
1268,jupyterhub-nb-suppathak,,,,,,,,,,,,,
1269,ray-operator-7c8c4d4785-tqrdz,,,,,,,,,,,,,
1270,traefik-proxy-66fc7f645-7zd49,,,,,,,,,,,,,
1271,traefik-proxy-66fc7f645-fvz9p,,,,,,,,,,,,,
1272,traefik-proxy-66fc7f645-xgjz9,,,,,,,,,,,,,
1273,jaeger-all-in-one-inmemory-56f8d6f999-fcgs4,,,,,,,,,,,,,
1274,jupyterhub-5-kscsj,,,,,,,,,,,,,
1275,jupyterhub-db-2-ccf6s,,,,,,,,,,,,,
1276,traefik-proxy-859dff9f5f-txn7x,,,,,,,,,,,,,
1277,odh-message-bus-entity-operator-6449fbb67b-7ghd6,,,,,,,,,,,,,
1278,odh-message-bus-kafka-0,,,,,,,,,,,,,
1279,odh-message-bus-kafka-1,,,,,,,,,,,,,
1280,odh-message-bus-kafka-2,,,,,,,,,,,,,
1281,odh-message-bus-kafka-3,,,,,,,,,,,,,
1282,odh-message-bus-kafka-4,,,,,,,,,,,,,
1283,odh-message-bus-zookeeper-0,,,,,,,,,,,,,
1284,odh-message-bus-zookeeper-1,,,,,,,,,,,,,
1285,odh-message-bus-zookeeper-2,,,,,,,,,,,,,
1286,odh-message-bus-zookeeper-3,,,,,,,,,,,,,
1287,odh-message-bus-zookeeper-4,,,,,,,,,,,,,
1288,strimzi-cluster-operator-v0.29.0-844b8fd8cb-plqww,,,,,,,,,,,,,
1289,blackbox-exporter-777ff59654-wxqvn,,,,,,,,,,,,,
1290,grafana-deployment-5b7c7fbb7-w5js9,,,,,,,,,,,,,
1291,grafana-operator-controller-manager-bdf88b8d9-htrf9,,,,,,,,,,,,,
1292,k8s-annotations-exporter-859ddb9549-zg525,,,,,,,,,,,,,
1293,loki-query-frontend-oauth-proxy-66bf4f964b-99qc5,,,,,,,,,,,,,
1294,observatorium-api-597bcfddff-xw46m,,,,,,,,,,,,,
1295,observatorium-loki-chunk-cache-0,,,,,,,,,,,,,
1296,observatorium-loki-chunk-cache-1,,,,,,,,,,,,,
1297,observatorium-loki-compactor-0,,,,,,,,,,,,,
1298,observatorium-loki-distributor-6f5cf66599-8lbzb,,,,,,,,,,,,,
1299,observatorium-loki-distributor-6f5cf66599-gqsg6,,,,,,,,,,,,,
1300,observatorium-loki-index-query-cache-0,,,,,,,,,,,,,
1301,observatorium-loki-index-query-cache-1,,,,,,,,,,,,,
1302,observatorium-loki-ingester-0,,,,,,,,,,,,,
1303,observatorium-loki-ingester-1,,,,,,,,,,,,,
1304,observatorium-loki-querier-0,,,,,,,,,,,,,
1305,observatorium-loki-querier-1,,,,,,,,,,,,,
1306,observatorium-loki-query-frontend-5d8f8576b7-8ppth,,,,,,,,,,,,,
1307,observatorium-loki-query-frontend-5d8f8576b7-sljzv,,,,,,,,,,,,,
1308,observatorium-loki-results-cache-0,,,,,,,,,,,,,
1309,observatorium-loki-results-cache-1,,,,,,,,,,,,,
1310,observatorium-thanos-compact-0,,,,,,,,,,,,,
1311,observatorium-thanos-query-7cd455797c-2q8wp,,,,,,,,,,,,,
1312,observatorium-thanos-query-7cd455797c-n7jdr,,,,,,,,,,,,,
1313,observatorium-thanos-query-7cd455797c-wxk2w,,,,,,,,,,,,,
1314,observatorium-thanos-query-frontend-65656f558c-t4hs5,,,,,,,,,,,,,
1315,observatorium-thanos-receive-controller-94d97b74-g626t,,,,,,,,,,,,,
1316,observatorium-thanos-receive-default-0,,,,,,,,,,,,,
1317,observatorium-thanos-receive-default-1,,,,,,,,,,,,,
1318,observatorium-thanos-receive-default-2,,,,,,,,,,,,,
1319,observatorium-thanos-receive-default-3,,,,,,,,,,,,,
1320,observatorium-thanos-receive-default-4,,,,,,,,,,,,,
1321,observatorium-thanos-receive-default-5,,,,,,,,,,,,,
1322,observatorium-thanos-store-bucket-cache-memcached-0,,,,,,,,,,,,,
1323,observatorium-thanos-store-index-cache-memcached-0,,,,,,,,,,,,,
1324,observatorium-thanos-store-shard-0-0,,,,,,,,,,,,,
1325,observatorium-thanos-store-shard-1-0,,,,,,,,,,,,,
1326,thanos-query-frontend-oauth-proxy-7b7987d79c-bvpf7,,,,,,,,,,,,,
1327,thanos-receive-oauth-proxy-5b87669668-pfsdv,,,,,,,,,,,,,
1328,vector-balrog-668c8f5df6-lwtvr,,,,,,,,,,,,,
1329,vector-infra-996b7d468-bmh64,,,,,,,,,,,,,
1330,vector-rick-6ddb45f868-qbxhg,,,,,,,,,,,,,
1331,vector-smaug-6794c96cfb-gj767,,,,,,,,,,,,,
1332,pulp-api-8d4f78db6-92mz6,,,,,,,,,,,,,
1333,pulp-content-75bf66f655-gphlb,,,,,,,,,,,,,
1334,pulp-content-75bf66f655-xrwwx,,,,,,,,,,,,,
1335,pulp-operator-controller-manager-785568bcb8-cdjk7,,,,,,,,,,,,,
1336,pulp-postgres-0,,,,,,,,,,,,,
1337,pulp-redis-7494b78744-xk6x5,,,,,,,,,,,,,
1338,pulp-web-77ddbf57dc-f5ckw,,,,,,,,,,,,,
1339,pulp-worker-58b5b4dbcf-mxtgt,,,,,,,,,,,,,
1340,pulp-worker-58b5b4dbcf-xkdgx,,,,,,,,,,,,,
1341,seldon-controller-manager-75ccb48f5c-qvgh2,,,,,,,,,,,,,
1342,seldon-model-example-0-classifier-f995787d4-cdjrk,,,,,,,,,,,,,
1343,slack-first-fb64c899f-dzztk,,,,,,,,,,,,,
1344,superset-66b76674cb-jk6rj,,,,,,,,,,,,,
1345,supersetdb-7fd6868659-rg98g,,,,,,,,,,,,,
1346,triage-party-7f7bc4d574-vv562,,,,,,,,,,,,,
1347,cloudbeaver-b84857b67-ckv8j,,,,,,,,,,,,,
1348,hive-metastore-data-science-general-0,,,,,,,,,,,,,
1349,hive-metastore-operate-first-general-0,,,,,,,,,,,,,
1350,trino-coordinator-7666dbcc46-r2xdm,,,,,,,,,,,,,
1351,trino-db-66f74589db-zcj8v,,,,,,,,,,,,,
1352,trino-worker-8558fb544c-d447m,,,,,,,,,,,,,
1353,trino-worker-8558fb544c-jkgx6,,,,,,,,,,,,,
1354,trino-worker-8558fb544c-vtpv8,,,,,,,,,,,,,
1355,cloudbeaver-b84857b67-q9m9q,,,,,,,,,,,,,
1356,exposer-97t18cb7kl61chplj1j9fta5ln5td3vtqtm1fj1g45s2lro39afpzbb,,,,,,,,,,,,,
1357,exposer-97t18cb7kl61chplj1j9fta5ln5td3vtqtm1fj1g45s2lro39akgx8f,,,,,,,,,,,,,
1358,hive-metastore-operate-first-general-0,,,,,,,,,,,,,
1359,trino-coordinator-794dc59759-k6xtf,,,,,,,,,,,,,
1360,trino-db-66f74589db-hwpwf,,,,,,,,,,,,,
1361,trino-stage-v1-cron-27553440--1-rbb4m,,,,,,,,,,,,,
1362,trino-worker-5f676fcd8f-2p6c8,,,,,,,,,,,,,
1363,trino-worker-5f676fcd8f-kbkd9,,,,,,,,,,,,,
1364,trino-worker-5f676fcd8f-ksf4s,,,,,,,,,,,,,
1365,otel-dev-658676bc5c-rz2jm,,,,,,,,,,,,,
1366,spring-petclinic-6d569df946-rngtk,,,,,,,,,,,,,
1367,peribolos-controller-6bb44495df-xnqjg,,,,,,,,,,,,,
1368,reloader-reloader-754ff5fbfd-lh6h2,,,,,,,,,,,,,
1369,curator-reports-6459968bd7-wkskq,,,,,,,,,,,,,
1370,report-controller-manager-5fbff8c66f-crwtj,,,,,,,,,,,,,
1371,ingress-69889f6f8d-jmbdx,,,,,,,,,,,,,
1372,puptoo-68bd6cd5c7-pvzr5,,,,,,,,,,,,,
1373,kafka-entity-operator-84d57cd545-gbk8j,,,,,,,,,,,,,
1374,kafka-kafka-0,,,,,,,,,,,,,
1375,kafka-ui-5bd55545d-9v4xp,,,,,,,,,,,,,
1376,kafka-zookeeper-0,,,,,,,,,,,,,
1377,postgresql-2-tj6j4,,,,,,,,,,,,,
1378,smart-village-view-29-8zhgq,,,,,,,,,,,,,
1379,solr-2-hg4v7,,,,,,,,,,,,,
1380,zookeeper-3-qnhv8,,,,,,,,,,,,,
1381,tekton-chains-controller-59bf5fcf7-8fn88,,,,,,,,,,,,,
1382,tekton-dashboard-75c5b49f7d-bhcdw,,,,,,,,,,,,,
1383,amun-api-2-44r7x,,,,,,,,,,,,,
1384,argo-server-b4b574bf-42p5z,,,,,,,,,,,,,
1385,inspection-test-220522000014-57cb6f451fb3f1a7-3599525882,,,,,,,,,,,,,
1386,argo-server-7f87859f85-dzhzb,,,,,,,,,,,,,
1387,sefkhet-abwy-chatbot-3-tk8s7,,,,,,,,,,,,,
1388,sefkhet-abwy-webhook-receiver-7-ks79p,,,,,,,,,,,,,
1389,triage-party-7694b957d6-nzccm,,,,,,,,,,,,,
1390,cve-update-27552960--1-rvvx5,,,,,,,,,,,,,
1391,management-api-7-xjc52,,,,,,,,,,,,,
1392,user-api-12-vfkb8,,,,,,,,,,,,,
1393,graph-metrics-exporter-27551940--1-nsq86,,,,,,,,,,,,,
1394,graph-metrics-exporter-27552060--1-ll2nx,,,,,,,,,,,,,
1395,graph-metrics-exporter-27552120--1-sb4qg,,,,,,,,,,,,,
1396,graph-metrics-exporter-27552180--1-8gdtl,,,,,,,,,,,,,
1397,graph-metrics-exporter-27552300--1-b42zd,,,,,,,,,,,,,
1398,graph-metrics-exporter-27552540--1-khsfc,,,,,,,,,,,,,
1399,graph-metrics-exporter-27552600--1-xcxgf,,,,,,,,,,,,,
1400,graph-metrics-exporter-27552720--1-jjxww,,,,,,,,,,,,,
1401,graph-metrics-exporter-27552900--1-pn94j,,,,,,,,,,,,,
1402,graph-metrics-exporter-27553020--1-gqb4t,,,,,,,,,,,,,
1403,graph-metrics-exporter-27553140--1-qzktp,,,,,,,,,,,,,
1404,graph-metrics-exporter-27553200--1-qzd2c,,,,,,,,,,,,,
1405,graph-metrics-exporter-27553320--1-ffmdn,,,,,,,,,,,,,
1406,graph-metrics-exporter-27553380--1-sk5jn,,,,,,,,,,,,,
1407,graph-metrics-exporter-27553440--1-958zj,,,,,,,,,,,,,
1408,graph-metrics-exporter-27553500--1-r47v9,,,,,,,,,,,,,
1409,graph-metrics-exporter-27553560--1-2h49p,,,,,,,,,,,,,
1410,pgbouncer-1-rhtwt,,,,,,,,,,,,,
1411,postgres-metrics-exporter-1-wgzmx,,,,,,,,,,,,,
1412,postgresql-1-dhpk8,,,,,,,,,,,,,
1413,github-receiver-5ccf95797f-9l74t,,,,,,,,,,,,,
1414,investigator-consumer-5-gxn6p,,,,,,,,,,,,,
1415,investigator-message-metrics-5-spbd9,,,,,,,,,,,,,
1416,metrics-exporter-7-qjm5f,,,,,,,,,,,,,
1417,pulp-metrics-exporter-1-ccv6l,,,,,,,,,,,,,
1418,pushgateway-1-n8brf,,,,,,,,,,,,,
1419,argo-server-6b5667f7cd-ghq4b,,,,,,,,,,,,,
1420,mi-scheduler-kebechet-analyse-27552960--1-tj9f2,,,,,,,,,,,,,
1421,solver-fedora-35-py310-220522011752-b69a670f8fec78b5-528270906,,,,,,,,,,,,,
1422,ssh-access--1-zql8q,,,,,,,,,,,,,
1423,opf-vault-0,,,,,,,,,,,,,
1424,opf-vault-1,,,,,,,,,,,,,
1425,opf-vault-2,,,,,,,,,,,,,
1426,volsync-57c586f94c-vsrlg,,,,,,,,,,,,,
