timestamp,__name__,cluster,label_kubernetes_io_arch,label_node_openshift_io_os_id,prometheus,tenant_id,value
2022-04-13 10:00:22.563000064+00:00,cluster:capacity_cpu_cores:sum,moc/smaug,amd64,rhcos,openshift-monitoring/k8s,moc-smaug,936
2022-04-13 10:00:52.563000064+00:00,cluster:capacity_cpu_cores:sum,moc/smaug,amd64,rhcos,openshift-monitoring/k8s,moc-smaug,936
2022-04-13 10:01:22.563000064+00:00,cluster:capacity_cpu_cores:sum,moc/smaug,amd64,rhcos,openshift-monitoring/k8s,moc-smaug,936
2022-04-13 10:01:52.563000064+00:00,cluster:capacity_cpu_cores:sum,moc/smaug,amd64,rhcos,openshift-monitoring/k8s,moc-smaug,936
2022-04-13 10:02:22.563000064+00:00,cluster:capacity_cpu_cores:sum,moc/smaug,amd64,rhcos,openshift-monitoring/k8s,moc-smaug,936
2022-04-13 10:02:52.563000064+00:00,cluster:capacity_cpu_cores:sum,moc/smaug,amd64,rhcos,openshift-monitoring/k8s,moc-smaug,936
2022-04-13 10:03:22.563000064+00:00,cluster:capacity_cpu_cores:sum,moc/smaug,amd64,rhcos,openshift-monitoring/k8s,moc-smaug,936
2022-04-13 10:03:52.563000064+00:00,cluster:capacity_cpu_cores:sum,moc/smaug,amd64,rhcos,openshift-monitoring/k8s,moc-smaug,936
2022-04-13 10:04:22.563000064+00:00,cluster:capacity_cpu_cores:sum,moc/smaug,amd64,rhcos,openshift-monitoring/k8s,moc-smaug,936
2022-04-13 10:04:52.563000064+00:00,cluster:capacity_cpu_cores:sum,moc/smaug,amd64,rhcos,openshift-monitoring/k8s,moc-smaug,936
2022-04-13 10:05:22.563000064+00:00,cluster:capacity_cpu_cores:sum,moc/smaug,amd64,rhcos,openshift-monitoring/k8s,moc-smaug,936
2022-04-13 10:05:52.563000064+00:00,cluster:capacity_cpu_cores:sum,moc/smaug,amd64,rhcos,openshift-monitoring/k8s,moc-smaug,936
2022-04-13 10:06:22.563000064+00:00,cluster:capacity_cpu_cores:sum,moc/smaug,amd64,rhcos,openshift-monitoring/k8s,moc-smaug,936
2022-04-13 10:06:52.563000064+00:00,cluster:capacity_cpu_cores:sum,moc/smaug,amd64,rhcos,openshift-monitoring/k8s,moc-smaug,936
2022-04-13 10:07:22.563000064+00:00,cluster:capacity_cpu_cores:sum,moc/smaug,amd64,rhcos,openshift-monitoring/k8s,moc-smaug,936
2022-04-13 10:07:52.563000064+00:00,cluster:capacity_cpu_cores:sum,moc/smaug,amd64,rhcos,openshift-monitoring/k8s,moc-smaug,936
2022-04-13 10:08:22.563000064+00:00,cluster:capacity_cpu_cores:sum,moc/smaug,amd64,rhcos,openshift-monitoring/k8s,moc-smaug,936
2022-04-13 10:08:52.563000064+00:00,cluster:capacity_cpu_cores:sum,moc/smaug,amd64,rhcos,openshift-monitoring/k8s,moc-smaug,936
2022-04-13 10:09:22.563000064+00:00,cluster:capacity_cpu_cores:sum,moc/smaug,amd64,rhcos,openshift-monitoring/k8s,moc-smaug,936
2022-04-13 10:09:52.563000064+00:00,cluster:capacity_cpu_cores:sum,moc/smaug,amd64,rhcos,openshift-monitoring/k8s,moc-smaug,936
2022-04-13 10:10:22.563000064+00:00,cluster:capacity_cpu_cores:sum,moc/smaug,amd64,rhcos,openshift-monitoring/k8s,moc-smaug,936
2022-04-13 10:10:52.563000064+00:00,cluster:capacity_cpu_cores:sum,moc/smaug,amd64,rhcos,openshift-monitoring/k8s,moc-smaug,936
2022-04-13 10:11:22.563000064+00:00,cluster:capacity_cpu_cores:sum,moc/smaug,amd64,rhcos,openshift-monitoring/k8s,moc-smaug,936
2022-04-13 10:11:52.563000064+00:00,cluster:capacity_cpu_cores:sum,moc/smaug,amd64,rhcos,openshift-monitoring/k8s,moc-smaug,936
2022-04-13 10:12:22.563000064+00:00,cluster:capacity_cpu_cores:sum,moc/smaug,amd64,rhcos,openshift-monitoring/k8s,moc-smaug,936
2022-04-13 10:12:52.563000064+00:00,cluster:capacity_cpu_cores:sum,moc/smaug,amd64,rhcos,openshift-monitoring/k8s,moc-smaug,936
2022-04-13 10:13:22.563000064+00:00,cluster:capacity_cpu_cores:sum,moc/smaug,amd64,rhcos,openshift-monitoring/k8s,moc-smaug,936
2022-04-13 10:13:52.563000064+00:00,cluster:capacity_cpu_cores:sum,moc/smaug,amd64,rhcos,openshift-monitoring/k8s,moc-smaug,936
2022-04-13 10:14:22.563000064+00:00,cluster:capacity_cpu_cores:sum,moc/smaug,amd64,rhcos,openshift-monitoring/k8s,moc-smaug,936
2022-04-13 10:14:52.563000064+00:00,cluster:capacity_cpu_cores:sum,moc/smaug,amd64,rhcos,openshift-monitoring/k8s,moc-smaug,936
2022-04-13 10:15:22.563000064+00:00,cluster:capacity_cpu_cores:sum,moc/smaug,amd64,rhcos,openshift-monitoring/k8s,moc-smaug,936
2022-04-13 10:15:52.563000064+00:00,cluster:capacity_cpu_cores:sum,moc/smaug,amd64,rhcos,openshift-monitoring/k8s,moc-smaug,936
2022-04-13 10:16:22.563000064+00:00,cluster:capacity_cpu_cores:sum,moc/smaug,amd64,rhcos,openshift-monitoring/k8s,moc-smaug,936
2022-04-13 10:16:52.563000064+00:00,cluster:capacity_cpu_cores:sum,moc/smaug,amd64,rhcos,openshift-monitoring/k8s,moc-smaug,936
2022-04-13 10:17:22.563000064+00:00,cluster:capacity_cpu_cores:sum,moc/smaug,amd64,rhcos,openshift-monitoring/k8s,moc-smaug,936
2022-04-13 10:17:52.563000064+00:00,cluster:capacity_cpu_cores:sum,moc/smaug,amd64,rhcos,openshift-monitoring/k8s,moc-smaug,936
2022-04-13 10:18:22.563000064+00:00,cluster:capacity_cpu_cores:sum,moc/smaug,amd64,rhcos,openshift-monitoring/k8s,moc-smaug,936
2022-04-13 10:18:52.563000064+00:00,cluster:capacity_cpu_cores:sum,moc/smaug,amd64,rhcos,openshift-monitoring/k8s,moc-smaug,936
2022-04-13 10:19:22.563000064+00:00,cluster:capacity_cpu_cores:sum,moc/smaug,amd64,rhcos,openshift-monitoring/k8s,moc-smaug,936
2022-04-13 10:19:52.563000064+00:00,cluster:capacity_cpu_cores:sum,moc/smaug,amd64,rhcos,openshift-monitoring/k8s,moc-smaug,936
2022-04-13 10:20:22.563000064+00:00,cluster:capacity_cpu_cores:sum,moc/smaug,amd64,rhcos,openshift-monitoring/k8s,moc-smaug,936
2022-04-13 10:20:52.563000064+00:00,cluster:capacity_cpu_cores:sum,moc/smaug,amd64,rhcos,openshift-monitoring/k8s,moc-smaug,936
2022-04-13 10:21:22.563000064+00:00,cluster:capacity_cpu_cores:sum,moc/smaug,amd64,rhcos,openshift-monitoring/k8s,moc-smaug,936
2022-04-13 10:21:52.563000064+00:00,cluster:capacity_cpu_cores:sum,moc/smaug,amd64,rhcos,openshift-monitoring/k8s,moc-smaug,936
2022-04-13 10:22:22.563000064+00:00,cluster:capacity_cpu_cores:sum,moc/smaug,amd64,rhcos,openshift-monitoring/k8s,moc-smaug,936
2022-04-13 10:22:52.563000064+00:00,cluster:capacity_cpu_cores:sum,moc/smaug,amd64,rhcos,openshift-monitoring/k8s,moc-smaug,936
2022-04-13 10:23:22.563000064+00:00,cluster:capacity_cpu_cores:sum,moc/smaug,amd64,rhcos,openshift-monitoring/k8s,moc-smaug,936
2022-04-13 10:23:52.563000064+00:00,cluster:capacity_cpu_cores:sum,moc/smaug,amd64,rhcos,openshift-monitoring/k8s,moc-smaug,936
2022-04-13 10:24:22.563000064+00:00,cluster:capacity_cpu_cores:sum,moc/smaug,amd64,rhcos,openshift-monitoring/k8s,moc-smaug,936
2022-04-13 10:24:52.563000064+00:00,cluster:capacity_cpu_cores:sum,moc/smaug,amd64,rhcos,openshift-monitoring/k8s,moc-smaug,936
2022-04-13 10:25:22.563000064+00:00,cluster:capacity_cpu_cores:sum,moc/smaug,amd64,rhcos,openshift-monitoring/k8s,moc-smaug,936
2022-04-13 10:25:52.563000064+00:00,cluster:capacity_cpu_cores:sum,moc/smaug,amd64,rhcos,openshift-monitoring/k8s,moc-smaug,936
2022-04-13 10:26:22.563000064+00:00,cluster:capacity_cpu_cores:sum,moc/smaug,amd64,rhcos,openshift-monitoring/k8s,moc-smaug,936
2022-04-13 10:26:52.563000064+00:00,cluster:capacity_cpu_cores:sum,moc/smaug,amd64,rhcos,openshift-monitoring/k8s,moc-smaug,936
2022-04-13 10:27:22.563000064+00:00,cluster:capacity_cpu_cores:sum,moc/smaug,amd64,rhcos,openshift-monitoring/k8s,moc-smaug,936
2022-04-13 10:27:52.563000064+00:00,cluster:capacity_cpu_cores:sum,moc/smaug,amd64,rhcos,openshift-monitoring/k8s,moc-smaug,936
2022-04-13 10:28:22.563000064+00:00,cluster:capacity_cpu_cores:sum,moc/smaug,amd64,rhcos,openshift-monitoring/k8s,moc-smaug,936
2022-04-13 10:28:52.563000064+00:00,cluster:capacity_cpu_cores:sum,moc/smaug,amd64,rhcos,openshift-monitoring/k8s,moc-smaug,936
2022-04-13 10:29:22.563000064+00:00,cluster:capacity_cpu_cores:sum,moc/smaug,amd64,rhcos,openshift-monitoring/k8s,moc-smaug,936
2022-04-13 10:29:52.563000064+00:00,cluster:capacity_cpu_cores:sum,moc/smaug,amd64,rhcos,openshift-monitoring/k8s,moc-smaug,936
2022-04-13 10:30:22.563000064+00:00,cluster:capacity_cpu_cores:sum,moc/smaug,amd64,rhcos,openshift-monitoring/k8s,moc-smaug,936
2022-04-13 10:30:52.563000064+00:00,cluster:capacity_cpu_cores:sum,moc/smaug,amd64,rhcos,openshift-monitoring/k8s,moc-smaug,936
2022-04-13 10:31:22.563000064+00:00,cluster:capacity_cpu_cores:sum,moc/smaug,amd64,rhcos,openshift-monitoring/k8s,moc-smaug,936
2022-04-13 10:31:52.563000064+00:00,cluster:capacity_cpu_cores:sum,moc/smaug,amd64,rhcos,openshift-monitoring/k8s,moc-smaug,936
2022-04-13 10:32:22.563000064+00:00,cluster:capacity_cpu_cores:sum,moc/smaug,amd64,rhcos,openshift-monitoring/k8s,moc-smaug,936
2022-04-13 10:32:52.563000064+00:00,cluster:capacity_cpu_cores:sum,moc/smaug,amd64,rhcos,openshift-monitoring/k8s,moc-smaug,936
2022-04-13 10:33:22.563000064+00:00,cluster:capacity_cpu_cores:sum,moc/smaug,amd64,rhcos,openshift-monitoring/k8s,moc-smaug,936
2022-04-13 10:33:52.563000064+00:00,cluster:capacity_cpu_cores:sum,moc/smaug,amd64,rhcos,openshift-monitoring/k8s,moc-smaug,936
2022-04-13 10:34:22.563000064+00:00,cluster:capacity_cpu_cores:sum,moc/smaug,amd64,rhcos,openshift-monitoring/k8s,moc-smaug,936
2022-04-13 10:34:52.563000064+00:00,cluster:capacity_cpu_cores:sum,moc/smaug,amd64,rhcos,openshift-monitoring/k8s,moc-smaug,936
2022-04-13 10:35:22.563000064+00:00,cluster:capacity_cpu_cores:sum,moc/smaug,amd64,rhcos,openshift-monitoring/k8s,moc-smaug,936
2022-04-13 10:35:52.563000064+00:00,cluster:capacity_cpu_cores:sum,moc/smaug,amd64,rhcos,openshift-monitoring/k8s,moc-smaug,936
2022-04-13 10:36:22.563000064+00:00,cluster:capacity_cpu_cores:sum,moc/smaug,amd64,rhcos,openshift-monitoring/k8s,moc-smaug,936
2022-04-13 10:36:52.563000064+00:00,cluster:capacity_cpu_cores:sum,moc/smaug,amd64,rhcos,openshift-monitoring/k8s,moc-smaug,936
2022-04-13 10:37:22.563000064+00:00,cluster:capacity_cpu_cores:sum,moc/smaug,amd64,rhcos,openshift-monitoring/k8s,moc-smaug,936
2022-04-13 10:37:52.563000064+00:00,cluster:capacity_cpu_cores:sum,moc/smaug,amd64,rhcos,openshift-monitoring/k8s,moc-smaug,936
2022-04-13 10:38:22.563000064+00:00,cluster:capacity_cpu_cores:sum,moc/smaug,amd64,rhcos,openshift-monitoring/k8s,moc-smaug,936
2022-04-13 10:38:52.563000064+00:00,cluster:capacity_cpu_cores:sum,moc/smaug,amd64,rhcos,openshift-monitoring/k8s,moc-smaug,936
2022-04-13 10:39:22.563000064+00:00,cluster:capacity_cpu_cores:sum,moc/smaug,amd64,rhcos,openshift-monitoring/k8s,moc-smaug,936
2022-04-13 10:39:52.563000064+00:00,cluster:capacity_cpu_cores:sum,moc/smaug,amd64,rhcos,openshift-monitoring/k8s,moc-smaug,936
2022-04-13 10:40:22.563000064+00:00,cluster:capacity_cpu_cores:sum,moc/smaug,amd64,rhcos,openshift-monitoring/k8s,moc-smaug,936
2022-04-13 10:40:52.563000064+00:00,cluster:capacity_cpu_cores:sum,moc/smaug,amd64,rhcos,openshift-monitoring/k8s,moc-smaug,936
2022-04-13 10:41:22.563000064+00:00,cluster:capacity_cpu_cores:sum,moc/smaug,amd64,rhcos,openshift-monitoring/k8s,moc-smaug,936
2022-04-13 10:41:52.563000064+00:00,cluster:capacity_cpu_cores:sum,moc/smaug,amd64,rhcos,openshift-monitoring/k8s,moc-smaug,936
2022-04-13 10:42:22.563000064+00:00,cluster:capacity_cpu_cores:sum,moc/smaug,amd64,rhcos,openshift-monitoring/k8s,moc-smaug,936
2022-04-13 10:42:52.563000064+00:00,cluster:capacity_cpu_cores:sum,moc/smaug,amd64,rhcos,openshift-monitoring/k8s,moc-smaug,936
2022-04-13 10:43:22.563000064+00:00,cluster:capacity_cpu_cores:sum,moc/smaug,amd64,rhcos,openshift-monitoring/k8s,moc-smaug,936
2022-04-13 10:43:52.563000064+00:00,cluster:capacity_cpu_cores:sum,moc/smaug,amd64,rhcos,openshift-monitoring/k8s,moc-smaug,936
2022-04-13 10:44:22.563000064+00:00,cluster:capacity_cpu_cores:sum,moc/smaug,amd64,rhcos,openshift-monitoring/k8s,moc-smaug,936
2022-04-13 10:44:52.563000064+00:00,cluster:capacity_cpu_cores:sum,moc/smaug,amd64,rhcos,openshift-monitoring/k8s,moc-smaug,936
2022-04-13 10:45:22.563000064+00:00,cluster:capacity_cpu_cores:sum,moc/smaug,amd64,rhcos,openshift-monitoring/k8s,moc-smaug,936
2022-04-13 10:45:52.563000064+00:00,cluster:capacity_cpu_cores:sum,moc/smaug,amd64,rhcos,openshift-monitoring/k8s,moc-smaug,936
2022-04-13 10:46:22.563000064+00:00,cluster:capacity_cpu_cores:sum,moc/smaug,amd64,rhcos,openshift-monitoring/k8s,moc-smaug,936
2022-04-13 10:46:52.563000064+00:00,cluster:capacity_cpu_cores:sum,moc/smaug,amd64,rhcos,openshift-monitoring/k8s,moc-smaug,936
2022-04-13 10:47:22.563000064+00:00,cluster:capacity_cpu_cores:sum,moc/smaug,amd64,rhcos,openshift-monitoring/k8s,moc-smaug,936
2022-04-13 10:47:52.563000064+00:00,cluster:capacity_cpu_cores:sum,moc/smaug,amd64,rhcos,openshift-monitoring/k8s,moc-smaug,936
2022-04-13 10:48:22.563000064+00:00,cluster:capacity_cpu_cores:sum,moc/smaug,amd64,rhcos,openshift-monitoring/k8s,moc-smaug,936
2022-04-13 10:48:52.563000064+00:00,cluster:capacity_cpu_cores:sum,moc/smaug,amd64,rhcos,openshift-monitoring/k8s,moc-smaug,936
2022-04-13 10:49:22.563000064+00:00,cluster:capacity_cpu_cores:sum,moc/smaug,amd64,rhcos,openshift-monitoring/k8s,moc-smaug,936
2022-04-13 10:49:52.563000064+00:00,cluster:capacity_cpu_cores:sum,moc/smaug,amd64,rhcos,openshift-monitoring/k8s,moc-smaug,936
2022-04-13 10:50:22.563000064+00:00,cluster:capacity_cpu_cores:sum,moc/smaug,amd64,rhcos,openshift-monitoring/k8s,moc-smaug,936
2022-04-13 10:50:52.563000064+00:00,cluster:capacity_cpu_cores:sum,moc/smaug,amd64,rhcos,openshift-monitoring/k8s,moc-smaug,936
2022-04-13 10:51:22.563000064+00:00,cluster:capacity_cpu_cores:sum,moc/smaug,amd64,rhcos,openshift-monitoring/k8s,moc-smaug,936
2022-04-13 10:51:52.563000064+00:00,cluster:capacity_cpu_cores:sum,moc/smaug,amd64,rhcos,openshift-monitoring/k8s,moc-smaug,936
2022-04-13 10:52:22.563000064+00:00,cluster:capacity_cpu_cores:sum,moc/smaug,amd64,rhcos,openshift-monitoring/k8s,moc-smaug,936
2022-04-13 10:52:52.563000064+00:00,cluster:capacity_cpu_cores:sum,moc/smaug,amd64,rhcos,openshift-monitoring/k8s,moc-smaug,936
2022-04-13 10:53:22.563000064+00:00,cluster:capacity_cpu_cores:sum,moc/smaug,amd64,rhcos,openshift-monitoring/k8s,moc-smaug,936
2022-04-13 10:53:52.563000064+00:00,cluster:capacity_cpu_cores:sum,moc/smaug,amd64,rhcos,openshift-monitoring/k8s,moc-smaug,936
2022-04-13 10:54:22.563000064+00:00,cluster:capacity_cpu_cores:sum,moc/smaug,amd64,rhcos,openshift-monitoring/k8s,moc-smaug,936
2022-04-13 10:54:52.563000064+00:00,cluster:capacity_cpu_cores:sum,moc/smaug,amd64,rhcos,openshift-monitoring/k8s,moc-smaug,936
2022-04-13 10:55:22.563000064+00:00,cluster:capacity_cpu_cores:sum,moc/smaug,amd64,rhcos,openshift-monitoring/k8s,moc-smaug,936
2022-04-13 10:55:52.563000064+00:00,cluster:capacity_cpu_cores:sum,moc/smaug,amd64,rhcos,openshift-monitoring/k8s,moc-smaug,936
2022-04-13 10:56:22.563000064+00:00,cluster:capacity_cpu_cores:sum,moc/smaug,amd64,rhcos,openshift-monitoring/k8s,moc-smaug,936
2022-04-13 10:56:52.563000064+00:00,cluster:capacity_cpu_cores:sum,moc/smaug,amd64,rhcos,openshift-monitoring/k8s,moc-smaug,936
2022-04-13 10:57:22.563000064+00:00,cluster:capacity_cpu_cores:sum,moc/smaug,amd64,rhcos,openshift-monitoring/k8s,moc-smaug,936
2022-04-13 10:57:52.563000064+00:00,cluster:capacity_cpu_cores:sum,moc/smaug,amd64,rhcos,openshift-monitoring/k8s,moc-smaug,936
2022-04-13 10:58:22.563000064+00:00,cluster:capacity_cpu_cores:sum,moc/smaug,amd64,rhcos,openshift-monitoring/k8s,moc-smaug,936
2022-04-13 10:58:52.563000064+00:00,cluster:capacity_cpu_cores:sum,moc/smaug,amd64,rhcos,openshift-monitoring/k8s,moc-smaug,936
2022-04-13 10:59:22.563000064+00:00,cluster:capacity_cpu_cores:sum,moc/smaug,amd64,rhcos,openshift-monitoring/k8s,moc-smaug,936
2022-04-13 10:59:52.563000064+00:00,cluster:capacity_cpu_cores:sum,moc/smaug,amd64,rhcos,openshift-monitoring/k8s,moc-smaug,936
2022-04-13 11:00:22.563000064+00:00,cluster:capacity_cpu_cores:sum,moc/smaug,amd64,rhcos,openshift-monitoring/k8s,moc-smaug,936
2022-04-13 11:00:52.563000064+00:00,cluster:capacity_cpu_cores:sum,moc/smaug,amd64,rhcos,openshift-monitoring/k8s,moc-smaug,936
2022-04-13 11:01:22.563000064+00:00,cluster:capacity_cpu_cores:sum,moc/smaug,amd64,rhcos,openshift-monitoring/k8s,moc-smaug,936
2022-04-13 11:01:52.563000064+00:00,cluster:capacity_cpu_cores:sum,moc/smaug,amd64,rhcos,openshift-monitoring/k8s,moc-smaug,936
2022-04-13 11:02:22.563000064+00:00,cluster:capacity_cpu_cores:sum,moc/smaug,amd64,rhcos,openshift-monitoring/k8s,moc-smaug,936
2022-04-13 11:02:52.563000064+00:00,cluster:capacity_cpu_cores:sum,moc/smaug,amd64,rhcos,openshift-monitoring/k8s,moc-smaug,936
2022-04-13 11:03:22.563000064+00:00,cluster:capacity_cpu_cores:sum,moc/smaug,amd64,rhcos,openshift-monitoring/k8s,moc-smaug,936
2022-04-13 11:03:52.563000064+00:00,cluster:capacity_cpu_cores:sum,moc/smaug,amd64,rhcos,openshift-monitoring/k8s,moc-smaug,936
2022-04-13 11:04:22.563000064+00:00,cluster:capacity_cpu_cores:sum,moc/smaug,amd64,rhcos,openshift-monitoring/k8s,moc-smaug,936
2022-04-13 11:04:52.563000064+00:00,cluster:capacity_cpu_cores:sum,moc/smaug,amd64,rhcos,openshift-monitoring/k8s,moc-smaug,936
2022-04-13 11:05:22.563000064+00:00,cluster:capacity_cpu_cores:sum,moc/smaug,amd64,rhcos,openshift-monitoring/k8s,moc-smaug,936
2022-04-13 11:05:52.563000064+00:00,cluster:capacity_cpu_cores:sum,moc/smaug,amd64,rhcos,openshift-monitoring/k8s,moc-smaug,936
2022-04-13 11:06:22.563000064+00:00,cluster:capacity_cpu_cores:sum,moc/smaug,amd64,rhcos,openshift-monitoring/k8s,moc-smaug,936
2022-04-13 11:06:52.563000064+00:00,cluster:capacity_cpu_cores:sum,moc/smaug,amd64,rhcos,openshift-monitoring/k8s,moc-smaug,936
2022-04-13 11:07:22.563000064+00:00,cluster:capacity_cpu_cores:sum,moc/smaug,amd64,rhcos,openshift-monitoring/k8s,moc-smaug,936
2022-04-13 11:07:52.563000064+00:00,cluster:capacity_cpu_cores:sum,moc/smaug,amd64,rhcos,openshift-monitoring/k8s,moc-smaug,936
2022-04-13 11:08:22.563000064+00:00,cluster:capacity_cpu_cores:sum,moc/smaug,amd64,rhcos,openshift-monitoring/k8s,moc-smaug,936
2022-04-13 11:08:52.563000064+00:00,cluster:capacity_cpu_cores:sum,moc/smaug,amd64,rhcos,openshift-monitoring/k8s,moc-smaug,936
2022-04-13 11:09:22.563000064+00:00,cluster:capacity_cpu_cores:sum,moc/smaug,amd64,rhcos,openshift-monitoring/k8s,moc-smaug,936
2022-04-13 11:09:52.563000064+00:00,cluster:capacity_cpu_cores:sum,moc/smaug,amd64,rhcos,openshift-monitoring/k8s,moc-smaug,936
2022-04-13 11:10:22.563000064+00:00,cluster:capacity_cpu_cores:sum,moc/smaug,amd64,rhcos,openshift-monitoring/k8s,moc-smaug,936
2022-04-13 11:10:52.563000064+00:00,cluster:capacity_cpu_cores:sum,moc/smaug,amd64,rhcos,openshift-monitoring/k8s,moc-smaug,936
2022-04-13 11:11:22.563000064+00:00,cluster:capacity_cpu_cores:sum,moc/smaug,amd64,rhcos,openshift-monitoring/k8s,moc-smaug,936
2022-04-13 11:11:52.563000064+00:00,cluster:capacity_cpu_cores:sum,moc/smaug,amd64,rhcos,openshift-monitoring/k8s,moc-smaug,936
2022-04-13 11:12:22.563000064+00:00,cluster:capacity_cpu_cores:sum,moc/smaug,amd64,rhcos,openshift-monitoring/k8s,moc-smaug,936
2022-04-13 11:12:52.563000064+00:00,cluster:capacity_cpu_cores:sum,moc/smaug,amd64,rhcos,openshift-monitoring/k8s,moc-smaug,936
2022-04-13 11:13:22.563000064+00:00,cluster:capacity_cpu_cores:sum,moc/smaug,amd64,rhcos,openshift-monitoring/k8s,moc-smaug,936
2022-04-13 11:13:52.563000064+00:00,cluster:capacity_cpu_cores:sum,moc/smaug,amd64,rhcos,openshift-monitoring/k8s,moc-smaug,936
2022-04-13 11:14:22.563000064+00:00,cluster:capacity_cpu_cores:sum,moc/smaug,amd64,rhcos,openshift-monitoring/k8s,moc-smaug,936
2022-04-13 11:14:52.563000064+00:00,cluster:capacity_cpu_cores:sum,moc/smaug,amd64,rhcos,openshift-monitoring/k8s,moc-smaug,936
2022-04-13 11:15:22.563000064+00:00,cluster:capacity_cpu_cores:sum,moc/smaug,amd64,rhcos,openshift-monitoring/k8s,moc-smaug,936
2022-04-13 11:15:52.563000064+00:00,cluster:capacity_cpu_cores:sum,moc/smaug,amd64,rhcos,openshift-monitoring/k8s,moc-smaug,936
2022-04-13 11:16:22.563000064+00:00,cluster:capacity_cpu_cores:sum,moc/smaug,amd64,rhcos,openshift-monitoring/k8s,moc-smaug,936
2022-04-13 11:16:52.563000064+00:00,cluster:capacity_cpu_cores:sum,moc/smaug,amd64,rhcos,openshift-monitoring/k8s,moc-smaug,936
2022-04-13 11:17:22.563000064+00:00,cluster:capacity_cpu_cores:sum,moc/smaug,amd64,rhcos,openshift-monitoring/k8s,moc-smaug,936
2022-04-13 11:17:52.563000064+00:00,cluster:capacity_cpu_cores:sum,moc/smaug,amd64,rhcos,openshift-monitoring/k8s,moc-smaug,936
2022-04-13 11:18:22.563000064+00:00,cluster:capacity_cpu_cores:sum,moc/smaug,amd64,rhcos,openshift-monitoring/k8s,moc-smaug,936
2022-04-13 11:18:52.563000064+00:00,cluster:capacity_cpu_cores:sum,moc/smaug,amd64,rhcos,openshift-monitoring/k8s,moc-smaug,936
2022-04-13 11:19:22.563000064+00:00,cluster:capacity_cpu_cores:sum,moc/smaug,amd64,rhcos,openshift-monitoring/k8s,moc-smaug,936
2022-04-13 11:19:52.563000064+00:00,cluster:capacity_cpu_cores:sum,moc/smaug,amd64,rhcos,openshift-monitoring/k8s,moc-smaug,936
2022-04-13 11:20:22.563000064+00:00,cluster:capacity_cpu_cores:sum,moc/smaug,amd64,rhcos,openshift-monitoring/k8s,moc-smaug,936
2022-04-13 11:20:52.563000064+00:00,cluster:capacity_cpu_cores:sum,moc/smaug,amd64,rhcos,openshift-monitoring/k8s,moc-smaug,936
2022-04-13 11:21:22.563000064+00:00,cluster:capacity_cpu_cores:sum,moc/smaug,amd64,rhcos,openshift-monitoring/k8s,moc-smaug,936
2022-04-13 11:21:52.563000064+00:00,cluster:capacity_cpu_cores:sum,moc/smaug,amd64,rhcos,openshift-monitoring/k8s,moc-smaug,936
2022-04-13 11:22:22.563000064+00:00,cluster:capacity_cpu_cores:sum,moc/smaug,amd64,rhcos,openshift-monitoring/k8s,moc-smaug,936
2022-04-13 11:22:52.563000064+00:00,cluster:capacity_cpu_cores:sum,moc/smaug,amd64,rhcos,openshift-monitoring/k8s,moc-smaug,936
2022-04-13 11:23:22.563000064+00:00,cluster:capacity_cpu_cores:sum,moc/smaug,amd64,rhcos,openshift-monitoring/k8s,moc-smaug,936
2022-04-13 11:23:52.563000064+00:00,cluster:capacity_cpu_cores:sum,moc/smaug,amd64,rhcos,openshift-monitoring/k8s,moc-smaug,936
2022-04-13 11:24:22.563000064+00:00,cluster:capacity_cpu_cores:sum,moc/smaug,amd64,rhcos,openshift-monitoring/k8s,moc-smaug,936
2022-04-13 11:24:52.563000064+00:00,cluster:capacity_cpu_cores:sum,moc/smaug,amd64,rhcos,openshift-monitoring/k8s,moc-smaug,936
2022-04-13 11:25:22.563000064+00:00,cluster:capacity_cpu_cores:sum,moc/smaug,amd64,rhcos,openshift-monitoring/k8s,moc-smaug,936
2022-04-13 11:25:52.563000064+00:00,cluster:capacity_cpu_cores:sum,moc/smaug,amd64,rhcos,openshift-monitoring/k8s,moc-smaug,936
2022-04-13 11:26:22.563000064+00:00,cluster:capacity_cpu_cores:sum,moc/smaug,amd64,rhcos,openshift-monitoring/k8s,moc-smaug,936
2022-04-13 11:26:52.563000064+00:00,cluster:capacity_cpu_cores:sum,moc/smaug,amd64,rhcos,openshift-monitoring/k8s,moc-smaug,936
2022-04-13 11:27:22.563000064+00:00,cluster:capacity_cpu_cores:sum,moc/smaug,amd64,rhcos,openshift-monitoring/k8s,moc-smaug,936
2022-04-13 11:27:52.563000064+00:00,cluster:capacity_cpu_cores:sum,moc/smaug,amd64,rhcos,openshift-monitoring/k8s,moc-smaug,936
2022-04-13 11:28:22.563000064+00:00,cluster:capacity_cpu_cores:sum,moc/smaug,amd64,rhcos,openshift-monitoring/k8s,moc-smaug,936
2022-04-13 11:28:52.563000064+00:00,cluster:capacity_cpu_cores:sum,moc/smaug,amd64,rhcos,openshift-monitoring/k8s,moc-smaug,936
2022-04-13 11:29:22.563000064+00:00,cluster:capacity_cpu_cores:sum,moc/smaug,amd64,rhcos,openshift-monitoring/k8s,moc-smaug,936
2022-04-13 11:29:52.563000064+00:00,cluster:capacity_cpu_cores:sum,moc/smaug,amd64,rhcos,openshift-monitoring/k8s,moc-smaug,936
2022-04-13 11:30:22.563000064+00:00,cluster:capacity_cpu_cores:sum,moc/smaug,amd64,rhcos,openshift-monitoring/k8s,moc-smaug,936
2022-04-13 11:30:52.563000064+00:00,cluster:capacity_cpu_cores:sum,moc/smaug,amd64,rhcos,openshift-monitoring/k8s,moc-smaug,936
2022-04-13 11:31:22.563000064+00:00,cluster:capacity_cpu_cores:sum,moc/smaug,amd64,rhcos,openshift-monitoring/k8s,moc-smaug,936
2022-04-13 11:31:52.563000064+00:00,cluster:capacity_cpu_cores:sum,moc/smaug,amd64,rhcos,openshift-monitoring/k8s,moc-smaug,936
2022-04-13 11:32:22.563000064+00:00,cluster:capacity_cpu_cores:sum,moc/smaug,amd64,rhcos,openshift-monitoring/k8s,moc-smaug,936
2022-04-13 11:32:52.563000064+00:00,cluster:capacity_cpu_cores:sum,moc/smaug,amd64,rhcos,openshift-monitoring/k8s,moc-smaug,936
2022-04-13 11:33:22.563000064+00:00,cluster:capacity_cpu_cores:sum,moc/smaug,amd64,rhcos,openshift-monitoring/k8s,moc-smaug,936
2022-04-13 11:33:52.563000064+00:00,cluster:capacity_cpu_cores:sum,moc/smaug,amd64,rhcos,openshift-monitoring/k8s,moc-smaug,936
2022-04-13 11:34:22.563000064+00:00,cluster:capacity_cpu_cores:sum,moc/smaug,amd64,rhcos,openshift-monitoring/k8s,moc-smaug,936
2022-04-13 11:34:52.563000064+00:00,cluster:capacity_cpu_cores:sum,moc/smaug,amd64,rhcos,openshift-monitoring/k8s,moc-smaug,936
2022-04-13 11:35:22.563000064+00:00,cluster:capacity_cpu_cores:sum,moc/smaug,amd64,rhcos,openshift-monitoring/k8s,moc-smaug,936
2022-04-13 11:35:52.563000064+00:00,cluster:capacity_cpu_cores:sum,moc/smaug,amd64,rhcos,openshift-monitoring/k8s,moc-smaug,936
2022-04-13 11:36:22.563000064+00:00,cluster:capacity_cpu_cores:sum,moc/smaug,amd64,rhcos,openshift-monitoring/k8s,moc-smaug,936
2022-04-13 11:36:52.563000064+00:00,cluster:capacity_cpu_cores:sum,moc/smaug,amd64,rhcos,openshift-monitoring/k8s,moc-smaug,936
2022-04-13 11:37:22.563000064+00:00,cluster:capacity_cpu_cores:sum,moc/smaug,amd64,rhcos,openshift-monitoring/k8s,moc-smaug,936
2022-04-13 11:37:52.563000064+00:00,cluster:capacity_cpu_cores:sum,moc/smaug,amd64,rhcos,openshift-monitoring/k8s,moc-smaug,936
2022-04-13 11:38:22.563000064+00:00,cluster:capacity_cpu_cores:sum,moc/smaug,amd64,rhcos,openshift-monitoring/k8s,moc-smaug,936
2022-04-13 11:38:52.563000064+00:00,cluster:capacity_cpu_cores:sum,moc/smaug,amd64,rhcos,openshift-monitoring/k8s,moc-smaug,936
2022-04-13 11:39:22.563000064+00:00,cluster:capacity_cpu_cores:sum,moc/smaug,amd64,rhcos,openshift-monitoring/k8s,moc-smaug,936
2022-04-13 11:39:52.563000064+00:00,cluster:capacity_cpu_cores:sum,moc/smaug,amd64,rhcos,openshift-monitoring/k8s,moc-smaug,936
2022-04-13 11:40:22.563000064+00:00,cluster:capacity_cpu_cores:sum,moc/smaug,amd64,rhcos,openshift-monitoring/k8s,moc-smaug,936
2022-04-13 11:40:52.563000064+00:00,cluster:capacity_cpu_cores:sum,moc/smaug,amd64,rhcos,openshift-monitoring/k8s,moc-smaug,936
2022-04-13 11:41:22.563000064+00:00,cluster:capacity_cpu_cores:sum,moc/smaug,amd64,rhcos,openshift-monitoring/k8s,moc-smaug,936
2022-04-13 11:41:52.563000064+00:00,cluster:capacity_cpu_cores:sum,moc/smaug,amd64,rhcos,openshift-monitoring/k8s,moc-smaug,936
2022-04-13 11:42:22.563000064+00:00,cluster:capacity_cpu_cores:sum,moc/smaug,amd64,rhcos,openshift-monitoring/k8s,moc-smaug,936
2022-04-13 11:42:52.563000064+00:00,cluster:capacity_cpu_cores:sum,moc/smaug,amd64,rhcos,openshift-monitoring/k8s,moc-smaug,936
2022-04-13 11:43:22.563000064+00:00,cluster:capacity_cpu_cores:sum,moc/smaug,amd64,rhcos,openshift-monitoring/k8s,moc-smaug,936
2022-04-13 11:43:52.563000064+00:00,cluster:capacity_cpu_cores:sum,moc/smaug,amd64,rhcos,openshift-monitoring/k8s,moc-smaug,936
2022-04-13 11:44:22.563000064+00:00,cluster:capacity_cpu_cores:sum,moc/smaug,amd64,rhcos,openshift-monitoring/k8s,moc-smaug,936
2022-04-13 11:44:52.563000064+00:00,cluster:capacity_cpu_cores:sum,moc/smaug,amd64,rhcos,openshift-monitoring/k8s,moc-smaug,936
2022-04-13 11:45:22.563000064+00:00,cluster:capacity_cpu_cores:sum,moc/smaug,amd64,rhcos,openshift-monitoring/k8s,moc-smaug,936
2022-04-13 11:45:52.563000064+00:00,cluster:capacity_cpu_cores:sum,moc/smaug,amd64,rhcos,openshift-monitoring/k8s,moc-smaug,936
2022-04-13 11:46:22.563000064+00:00,cluster:capacity_cpu_cores:sum,moc/smaug,amd64,rhcos,openshift-monitoring/k8s,moc-smaug,936
2022-04-13 11:46:52.563000064+00:00,cluster:capacity_cpu_cores:sum,moc/smaug,amd64,rhcos,openshift-monitoring/k8s,moc-smaug,936
2022-04-13 11:47:22.563000064+00:00,cluster:capacity_cpu_cores:sum,moc/smaug,amd64,rhcos,openshift-monitoring/k8s,moc-smaug,936
2022-04-13 11:47:52.563000064+00:00,cluster:capacity_cpu_cores:sum,moc/smaug,amd64,rhcos,openshift-monitoring/k8s,moc-smaug,936
2022-04-13 11:48:22.563000064+00:00,cluster:capacity_cpu_cores:sum,moc/smaug,amd64,rhcos,openshift-monitoring/k8s,moc-smaug,936
2022-04-13 11:48:52.563000064+00:00,cluster:capacity_cpu_cores:sum,moc/smaug,amd64,rhcos,openshift-monitoring/k8s,moc-smaug,936
2022-04-13 11:49:22.563000064+00:00,cluster:capacity_cpu_cores:sum,moc/smaug,amd64,rhcos,openshift-monitoring/k8s,moc-smaug,936
2022-04-13 11:49:52.563000064+00:00,cluster:capacity_cpu_cores:sum,moc/smaug,amd64,rhcos,openshift-monitoring/k8s,moc-smaug,936
2022-04-13 11:50:22.563000064+00:00,cluster:capacity_cpu_cores:sum,moc/smaug,amd64,rhcos,openshift-monitoring/k8s,moc-smaug,936
2022-04-13 11:50:52.563000064+00:00,cluster:capacity_cpu_cores:sum,moc/smaug,amd64,rhcos,openshift-monitoring/k8s,moc-smaug,936
2022-04-13 11:51:22.563000064+00:00,cluster:capacity_cpu_cores:sum,moc/smaug,amd64,rhcos,openshift-monitoring/k8s,moc-smaug,936
2022-04-13 11:51:52.563000064+00:00,cluster:capacity_cpu_cores:sum,moc/smaug,amd64,rhcos,openshift-monitoring/k8s,moc-smaug,936
2022-04-13 11:52:22.563000064+00:00,cluster:capacity_cpu_cores:sum,moc/smaug,amd64,rhcos,openshift-monitoring/k8s,moc-smaug,936
2022-04-13 11:52:52.563000064+00:00,cluster:capacity_cpu_cores:sum,moc/smaug,amd64,rhcos,openshift-monitoring/k8s,moc-smaug,936
2022-04-13 11:53:22.563000064+00:00,cluster:capacity_cpu_cores:sum,moc/smaug,amd64,rhcos,openshift-monitoring/k8s,moc-smaug,936
2022-04-13 11:53:52.563000064+00:00,cluster:capacity_cpu_cores:sum,moc/smaug,amd64,rhcos,openshift-monitoring/k8s,moc-smaug,936
2022-04-13 11:54:22.563000064+00:00,cluster:capacity_cpu_cores:sum,moc/smaug,amd64,rhcos,openshift-monitoring/k8s,moc-smaug,936
2022-04-13 11:54:52.563000064+00:00,cluster:capacity_cpu_cores:sum,moc/smaug,amd64,rhcos,openshift-monitoring/k8s,moc-smaug,936
2022-04-13 11:55:22.563000064+00:00,cluster:capacity_cpu_cores:sum,moc/smaug,amd64,rhcos,openshift-monitoring/k8s,moc-smaug,936
2022-04-13 11:55:52.563000064+00:00,cluster:capacity_cpu_cores:sum,moc/smaug,amd64,rhcos,openshift-monitoring/k8s,moc-smaug,936
2022-04-13 11:56:22.563000064+00:00,cluster:capacity_cpu_cores:sum,moc/smaug,amd64,rhcos,openshift-monitoring/k8s,moc-smaug,936
2022-04-13 11:56:52.563000064+00:00,cluster:capacity_cpu_cores:sum,moc/smaug,amd64,rhcos,openshift-monitoring/k8s,moc-smaug,936
2022-04-13 11:57:22.563000064+00:00,cluster:capacity_cpu_cores:sum,moc/smaug,amd64,rhcos,openshift-monitoring/k8s,moc-smaug,936
2022-04-13 11:57:52.563000064+00:00,cluster:capacity_cpu_cores:sum,moc/smaug,amd64,rhcos,openshift-monitoring/k8s,moc-smaug,936
2022-04-13 11:58:22.563000064+00:00,cluster:capacity_cpu_cores:sum,moc/smaug,amd64,rhcos,openshift-monitoring/k8s,moc-smaug,936
2022-04-13 11:58:52.563000064+00:00,cluster:capacity_cpu_cores:sum,moc/smaug,amd64,rhcos,openshift-monitoring/k8s,moc-smaug,936
2022-04-13 11:59:22.563000064+00:00,cluster:capacity_cpu_cores:sum,moc/smaug,amd64,rhcos,openshift-monitoring/k8s,moc-smaug,936
2022-04-13 11:59:52.563000064+00:00,cluster:capacity_cpu_cores:sum,moc/smaug,amd64,rhcos,openshift-monitoring/k8s,moc-smaug,936
2022-04-13 12:00:22.563000064+00:00,cluster:capacity_cpu_cores:sum,moc/smaug,amd64,rhcos,openshift-monitoring/k8s,moc-smaug,936
2022-04-13 12:00:52.563000064+00:00,cluster:capacity_cpu_cores:sum,moc/smaug,amd64,rhcos,openshift-monitoring/k8s,moc-smaug,936
2022-04-13 12:01:22.563000064+00:00,cluster:capacity_cpu_cores:sum,moc/smaug,amd64,rhcos,openshift-monitoring/k8s,moc-smaug,936
2022-04-13 12:01:52.563000064+00:00,cluster:capacity_cpu_cores:sum,moc/smaug,amd64,rhcos,openshift-monitoring/k8s,moc-smaug,936
2022-04-13 12:02:22.563000064+00:00,cluster:capacity_cpu_cores:sum,moc/smaug,amd64,rhcos,openshift-monitoring/k8s,moc-smaug,936
2022-04-13 12:02:52.563000064+00:00,cluster:capacity_cpu_cores:sum,moc/smaug,amd64,rhcos,openshift-monitoring/k8s,moc-smaug,936
2022-04-13 12:03:22.563000064+00:00,cluster:capacity_cpu_cores:sum,moc/smaug,amd64,rhcos,openshift-monitoring/k8s,moc-smaug,936
2022-04-13 12:03:52.563000064+00:00,cluster:capacity_cpu_cores:sum,moc/smaug,amd64,rhcos,openshift-monitoring/k8s,moc-smaug,936
2022-04-13 12:04:22.563000064+00:00,cluster:capacity_cpu_cores:sum,moc/smaug,amd64,rhcos,openshift-monitoring/k8s,moc-smaug,936
2022-04-13 12:04:52.563000064+00:00,cluster:capacity_cpu_cores:sum,moc/smaug,amd64,rhcos,openshift-monitoring/k8s,moc-smaug,936
2022-04-13 12:05:22.563000064+00:00,cluster:capacity_cpu_cores:sum,moc/smaug,amd64,rhcos,openshift-monitoring/k8s,moc-smaug,936
2022-04-13 12:05:52.563000064+00:00,cluster:capacity_cpu_cores:sum,moc/smaug,amd64,rhcos,openshift-monitoring/k8s,moc-smaug,936
2022-04-13 12:06:22.563000064+00:00,cluster:capacity_cpu_cores:sum,moc/smaug,amd64,rhcos,openshift-monitoring/k8s,moc-smaug,936
2022-04-13 12:06:52.563000064+00:00,cluster:capacity_cpu_cores:sum,moc/smaug,amd64,rhcos,openshift-monitoring/k8s,moc-smaug,936
2022-04-13 12:07:22.563000064+00:00,cluster:capacity_cpu_cores:sum,moc/smaug,amd64,rhcos,openshift-monitoring/k8s,moc-smaug,936
2022-04-13 12:07:52.563000064+00:00,cluster:capacity_cpu_cores:sum,moc/smaug,amd64,rhcos,openshift-monitoring/k8s,moc-smaug,936
2022-04-13 12:08:22.563000064+00:00,cluster:capacity_cpu_cores:sum,moc/smaug,amd64,rhcos,openshift-monitoring/k8s,moc-smaug,936
2022-04-13 12:08:52.563000064+00:00,cluster:capacity_cpu_cores:sum,moc/smaug,amd64,rhcos,openshift-monitoring/k8s,moc-smaug,936
2022-04-13 12:09:22.563000064+00:00,cluster:capacity_cpu_cores:sum,moc/smaug,amd64,rhcos,openshift-monitoring/k8s,moc-smaug,936
2022-04-13 12:09:52.563000064+00:00,cluster:capacity_cpu_cores:sum,moc/smaug,amd64,rhcos,openshift-monitoring/k8s,moc-smaug,936
2022-04-13 12:10:22.563000064+00:00,cluster:capacity_cpu_cores:sum,moc/smaug,amd64,rhcos,openshift-monitoring/k8s,moc-smaug,936
2022-04-13 12:10:52.563000064+00:00,cluster:capacity_cpu_cores:sum,moc/smaug,amd64,rhcos,openshift-monitoring/k8s,moc-smaug,936
2022-04-13 12:11:22.563000064+00:00,cluster:capacity_cpu_cores:sum,moc/smaug,amd64,rhcos,openshift-monitoring/k8s,moc-smaug,936
2022-04-13 12:11:52.563000064+00:00,cluster:capacity_cpu_cores:sum,moc/smaug,amd64,rhcos,openshift-monitoring/k8s,moc-smaug,936
2022-04-13 12:12:22.563000064+00:00,cluster:capacity_cpu_cores:sum,moc/smaug,amd64,rhcos,openshift-monitoring/k8s,moc-smaug,936
2022-04-13 12:12:52.563000064+00:00,cluster:capacity_cpu_cores:sum,moc/smaug,amd64,rhcos,openshift-monitoring/k8s,moc-smaug,936
2022-04-13 12:13:22.563000064+00:00,cluster:capacity_cpu_cores:sum,moc/smaug,amd64,rhcos,openshift-monitoring/k8s,moc-smaug,936
2022-04-13 12:13:52.563000064+00:00,cluster:capacity_cpu_cores:sum,moc/smaug,amd64,rhcos,openshift-monitoring/k8s,moc-smaug,936
2022-04-13 12:14:22.563000064+00:00,cluster:capacity_cpu_cores:sum,moc/smaug,amd64,rhcos,openshift-monitoring/k8s,moc-smaug,936
2022-04-13 12:14:52.563000064+00:00,cluster:capacity_cpu_cores:sum,moc/smaug,amd64,rhcos,openshift-monitoring/k8s,moc-smaug,936
2022-04-13 12:15:22.563000064+00:00,cluster:capacity_cpu_cores:sum,moc/smaug,amd64,rhcos,openshift-monitoring/k8s,moc-smaug,936
2022-04-13 12:15:52.563000064+00:00,cluster:capacity_cpu_cores:sum,moc/smaug,amd64,rhcos,openshift-monitoring/k8s,moc-smaug,936
2022-04-13 12:16:22.563000064+00:00,cluster:capacity_cpu_cores:sum,moc/smaug,amd64,rhcos,openshift-monitoring/k8s,moc-smaug,936
2022-04-13 12:16:52.563000064+00:00,cluster:capacity_cpu_cores:sum,moc/smaug,amd64,rhcos,openshift-monitoring/k8s,moc-smaug,936
2022-04-13 12:17:22.563000064+00:00,cluster:capacity_cpu_cores:sum,moc/smaug,amd64,rhcos,openshift-monitoring/k8s,moc-smaug,936
2022-04-13 12:17:52.563000064+00:00,cluster:capacity_cpu_cores:sum,moc/smaug,amd64,rhcos,openshift-monitoring/k8s,moc-smaug,936
2022-04-13 12:18:22.563000064+00:00,cluster:capacity_cpu_cores:sum,moc/smaug,amd64,rhcos,openshift-monitoring/k8s,moc-smaug,936
2022-04-13 12:18:52.563000064+00:00,cluster:capacity_cpu_cores:sum,moc/smaug,amd64,rhcos,openshift-monitoring/k8s,moc-smaug,936
2022-04-13 12:19:22.563000064+00:00,cluster:capacity_cpu_cores:sum,moc/smaug,amd64,rhcos,openshift-monitoring/k8s,moc-smaug,936
2022-04-13 12:19:52.563000064+00:00,cluster:capacity_cpu_cores:sum,moc/smaug,amd64,rhcos,openshift-monitoring/k8s,moc-smaug,936
2022-04-13 12:20:22.563000064+00:00,cluster:capacity_cpu_cores:sum,moc/smaug,amd64,rhcos,openshift-monitoring/k8s,moc-smaug,936
2022-04-13 12:20:52.563000064+00:00,cluster:capacity_cpu_cores:sum,moc/smaug,amd64,rhcos,openshift-monitoring/k8s,moc-smaug,936
2022-04-13 12:21:22.563000064+00:00,cluster:capacity_cpu_cores:sum,moc/smaug,amd64,rhcos,openshift-monitoring/k8s,moc-smaug,936
2022-04-13 12:21:52.563000064+00:00,cluster:capacity_cpu_cores:sum,moc/smaug,amd64,rhcos,openshift-monitoring/k8s,moc-smaug,936
2022-04-13 12:22:22.563000064+00:00,cluster:capacity_cpu_cores:sum,moc/smaug,amd64,rhcos,openshift-monitoring/k8s,moc-smaug,936
2022-04-13 12:22:52.563000064+00:00,cluster:capacity_cpu_cores:sum,moc/smaug,amd64,rhcos,openshift-monitoring/k8s,moc-smaug,936
2022-04-13 12:23:22.563000064+00:00,cluster:capacity_cpu_cores:sum,moc/smaug,amd64,rhcos,openshift-monitoring/k8s,moc-smaug,936
2022-04-13 12:23:52.563000064+00:00,cluster:capacity_cpu_cores:sum,moc/smaug,amd64,rhcos,openshift-monitoring/k8s,moc-smaug,936
2022-04-13 12:24:22.563000064+00:00,cluster:capacity_cpu_cores:sum,moc/smaug,amd64,rhcos,openshift-monitoring/k8s,moc-smaug,936
2022-04-13 12:24:52.563000064+00:00,cluster:capacity_cpu_cores:sum,moc/smaug,amd64,rhcos,openshift-monitoring/k8s,moc-smaug,936
2022-04-13 12:25:22.563000064+00:00,cluster:capacity_cpu_cores:sum,moc/smaug,amd64,rhcos,openshift-monitoring/k8s,moc-smaug,936
2022-04-13 12:25:52.563000064+00:00,cluster:capacity_cpu_cores:sum,moc/smaug,amd64,rhcos,openshift-monitoring/k8s,moc-smaug,936
2022-04-13 12:26:22.563000064+00:00,cluster:capacity_cpu_cores:sum,moc/smaug,amd64,rhcos,openshift-monitoring/k8s,moc-smaug,936
2022-04-13 12:26:52.563000064+00:00,cluster:capacity_cpu_cores:sum,moc/smaug,amd64,rhcos,openshift-monitoring/k8s,moc-smaug,936
2022-04-13 12:27:22.563000064+00:00,cluster:capacity_cpu_cores:sum,moc/smaug,amd64,rhcos,openshift-monitoring/k8s,moc-smaug,936
2022-04-13 12:27:52.563000064+00:00,cluster:capacity_cpu_cores:sum,moc/smaug,amd64,rhcos,openshift-monitoring/k8s,moc-smaug,936
2022-04-13 12:28:22.563000064+00:00,cluster:capacity_cpu_cores:sum,moc/smaug,amd64,rhcos,openshift-monitoring/k8s,moc-smaug,936
2022-04-13 12:28:52.563000064+00:00,cluster:capacity_cpu_cores:sum,moc/smaug,amd64,rhcos,openshift-monitoring/k8s,moc-smaug,936
2022-04-13 12:29:22.563000064+00:00,cluster:capacity_cpu_cores:sum,moc/smaug,amd64,rhcos,openshift-monitoring/k8s,moc-smaug,936
2022-04-13 12:29:52.563000064+00:00,cluster:capacity_cpu_cores:sum,moc/smaug,amd64,rhcos,openshift-monitoring/k8s,moc-smaug,936
2022-04-13 12:30:22.563000064+00:00,cluster:capacity_cpu_cores:sum,moc/smaug,amd64,rhcos,openshift-monitoring/k8s,moc-smaug,936
2022-04-13 12:30:52.563000064+00:00,cluster:capacity_cpu_cores:sum,moc/smaug,amd64,rhcos,openshift-monitoring/k8s,moc-smaug,936
2022-04-13 12:31:22.563000064+00:00,cluster:capacity_cpu_cores:sum,moc/smaug,amd64,rhcos,openshift-monitoring/k8s,moc-smaug,936
2022-04-13 12:31:52.563000064+00:00,cluster:capacity_cpu_cores:sum,moc/smaug,amd64,rhcos,openshift-monitoring/k8s,moc-smaug,936
2022-04-13 12:32:22.563000064+00:00,cluster:capacity_cpu_cores:sum,moc/smaug,amd64,rhcos,openshift-monitoring/k8s,moc-smaug,936
2022-04-13 12:32:52.563000064+00:00,cluster:capacity_cpu_cores:sum,moc/smaug,amd64,rhcos,openshift-monitoring/k8s,moc-smaug,936
2022-04-13 12:33:22.563000064+00:00,cluster:capacity_cpu_cores:sum,moc/smaug,amd64,rhcos,openshift-monitoring/k8s,moc-smaug,936
2022-04-13 12:33:52.563000064+00:00,cluster:capacity_cpu_cores:sum,moc/smaug,amd64,rhcos,openshift-monitoring/k8s,moc-smaug,936
2022-04-13 12:34:22.563000064+00:00,cluster:capacity_cpu_cores:sum,moc/smaug,amd64,rhcos,openshift-monitoring/k8s,moc-smaug,936
2022-04-13 12:34:52.563000064+00:00,cluster:capacity_cpu_cores:sum,moc/smaug,amd64,rhcos,openshift-monitoring/k8s,moc-smaug,936
2022-04-13 12:35:22.563000064+00:00,cluster:capacity_cpu_cores:sum,moc/smaug,amd64,rhcos,openshift-monitoring/k8s,moc-smaug,936
2022-04-13 12:35:52.563000064+00:00,cluster:capacity_cpu_cores:sum,moc/smaug,amd64,rhcos,openshift-monitoring/k8s,moc-smaug,936
2022-04-13 12:36:22.563000064+00:00,cluster:capacity_cpu_cores:sum,moc/smaug,amd64,rhcos,openshift-monitoring/k8s,moc-smaug,936
2022-04-13 12:36:52.563000064+00:00,cluster:capacity_cpu_cores:sum,moc/smaug,amd64,rhcos,openshift-monitoring/k8s,moc-smaug,936
2022-04-13 12:37:22.563000064+00:00,cluster:capacity_cpu_cores:sum,moc/smaug,amd64,rhcos,openshift-monitoring/k8s,moc-smaug,936
2022-04-13 12:37:52.563000064+00:00,cluster:capacity_cpu_cores:sum,moc/smaug,amd64,rhcos,openshift-monitoring/k8s,moc-smaug,936
2022-04-13 12:38:22.563000064+00:00,cluster:capacity_cpu_cores:sum,moc/smaug,amd64,rhcos,openshift-monitoring/k8s,moc-smaug,936
2022-04-13 12:38:52.563000064+00:00,cluster:capacity_cpu_cores:sum,moc/smaug,amd64,rhcos,openshift-monitoring/k8s,moc-smaug,936
2022-04-13 12:39:22.563000064+00:00,cluster:capacity_cpu_cores:sum,moc/smaug,amd64,rhcos,openshift-monitoring/k8s,moc-smaug,936
2022-04-13 12:39:52.563000064+00:00,cluster:capacity_cpu_cores:sum,moc/smaug,amd64,rhcos,openshift-monitoring/k8s,moc-smaug,936
2022-04-13 12:40:22.563000064+00:00,cluster:capacity_cpu_cores:sum,moc/smaug,amd64,rhcos,openshift-monitoring/k8s,moc-smaug,936
2022-04-13 12:40:52.563000064+00:00,cluster:capacity_cpu_cores:sum,moc/smaug,amd64,rhcos,openshift-monitoring/k8s,moc-smaug,936
2022-04-13 12:41:22.563000064+00:00,cluster:capacity_cpu_cores:sum,moc/smaug,amd64,rhcos,openshift-monitoring/k8s,moc-smaug,936
2022-04-13 12:41:52.563000064+00:00,cluster:capacity_cpu_cores:sum,moc/smaug,amd64,rhcos,openshift-monitoring/k8s,moc-smaug,936
2022-04-13 12:42:22.563000064+00:00,cluster:capacity_cpu_cores:sum,moc/smaug,amd64,rhcos,openshift-monitoring/k8s,moc-smaug,936
2022-04-13 12:42:52.563000064+00:00,cluster:capacity_cpu_cores:sum,moc/smaug,amd64,rhcos,openshift-monitoring/k8s,moc-smaug,936
2022-04-13 12:43:22.563000064+00:00,cluster:capacity_cpu_cores:sum,moc/smaug,amd64,rhcos,openshift-monitoring/k8s,moc-smaug,936
2022-04-13 12:43:52.563000064+00:00,cluster:capacity_cpu_cores:sum,moc/smaug,amd64,rhcos,openshift-monitoring/k8s,moc-smaug,936
2022-04-13 12:44:22.563000064+00:00,cluster:capacity_cpu_cores:sum,moc/smaug,amd64,rhcos,openshift-monitoring/k8s,moc-smaug,936
2022-04-13 12:44:52.563000064+00:00,cluster:capacity_cpu_cores:sum,moc/smaug,amd64,rhcos,openshift-monitoring/k8s,moc-smaug,936
2022-04-13 12:45:22.563000064+00:00,cluster:capacity_cpu_cores:sum,moc/smaug,amd64,rhcos,openshift-monitoring/k8s,moc-smaug,936
2022-04-13 12:45:52.563000064+00:00,cluster:capacity_cpu_cores:sum,moc/smaug,amd64,rhcos,openshift-monitoring/k8s,moc-smaug,936
2022-04-13 12:46:22.563000064+00:00,cluster:capacity_cpu_cores:sum,moc/smaug,amd64,rhcos,openshift-monitoring/k8s,moc-smaug,936
2022-04-13 12:46:52.563000064+00:00,cluster:capacity_cpu_cores:sum,moc/smaug,amd64,rhcos,openshift-monitoring/k8s,moc-smaug,936
2022-04-13 12:47:22.563000064+00:00,cluster:capacity_cpu_cores:sum,moc/smaug,amd64,rhcos,openshift-monitoring/k8s,moc-smaug,936
2022-04-13 12:47:52.563000064+00:00,cluster:capacity_cpu_cores:sum,moc/smaug,amd64,rhcos,openshift-monitoring/k8s,moc-smaug,936
2022-04-13 12:48:22.563000064+00:00,cluster:capacity_cpu_cores:sum,moc/smaug,amd64,rhcos,openshift-monitoring/k8s,moc-smaug,936
2022-04-13 12:48:52.563000064+00:00,cluster:capacity_cpu_cores:sum,moc/smaug,amd64,rhcos,openshift-monitoring/k8s,moc-smaug,936
2022-04-13 12:49:22.563000064+00:00,cluster:capacity_cpu_cores:sum,moc/smaug,amd64,rhcos,openshift-monitoring/k8s,moc-smaug,936
2022-04-13 12:49:52.563000064+00:00,cluster:capacity_cpu_cores:sum,moc/smaug,amd64,rhcos,openshift-monitoring/k8s,moc-smaug,936
2022-04-13 12:50:22.563000064+00:00,cluster:capacity_cpu_cores:sum,moc/smaug,amd64,rhcos,openshift-monitoring/k8s,moc-smaug,936
2022-04-13 12:50:52.563000064+00:00,cluster:capacity_cpu_cores:sum,moc/smaug,amd64,rhcos,openshift-monitoring/k8s,moc-smaug,936
2022-04-13 12:51:22.563000064+00:00,cluster:capacity_cpu_cores:sum,moc/smaug,amd64,rhcos,openshift-monitoring/k8s,moc-smaug,936
2022-04-13 12:51:52.563000064+00:00,cluster:capacity_cpu_cores:sum,moc/smaug,amd64,rhcos,openshift-monitoring/k8s,moc-smaug,936
2022-04-13 12:52:22.563000064+00:00,cluster:capacity_cpu_cores:sum,moc/smaug,amd64,rhcos,openshift-monitoring/k8s,moc-smaug,936
2022-04-13 12:52:52.563000064+00:00,cluster:capacity_cpu_cores:sum,moc/smaug,amd64,rhcos,openshift-monitoring/k8s,moc-smaug,936
2022-04-13 12:53:22.563000064+00:00,cluster:capacity_cpu_cores:sum,moc/smaug,amd64,rhcos,openshift-monitoring/k8s,moc-smaug,936
2022-04-13 12:53:52.563000064+00:00,cluster:capacity_cpu_cores:sum,moc/smaug,amd64,rhcos,openshift-monitoring/k8s,moc-smaug,936
2022-04-13 12:54:22.563000064+00:00,cluster:capacity_cpu_cores:sum,moc/smaug,amd64,rhcos,openshift-monitoring/k8s,moc-smaug,936
2022-04-13 12:54:52.563000064+00:00,cluster:capacity_cpu_cores:sum,moc/smaug,amd64,rhcos,openshift-monitoring/k8s,moc-smaug,936
2022-04-13 12:55:22.563000064+00:00,cluster:capacity_cpu_cores:sum,moc/smaug,amd64,rhcos,openshift-monitoring/k8s,moc-smaug,936
2022-04-13 12:55:52.563000064+00:00,cluster:capacity_cpu_cores:sum,moc/smaug,amd64,rhcos,openshift-monitoring/k8s,moc-smaug,936
2022-04-13 12:56:22.563000064+00:00,cluster:capacity_cpu_cores:sum,moc/smaug,amd64,rhcos,openshift-monitoring/k8s,moc-smaug,936
2022-04-13 12:56:52.563000064+00:00,cluster:capacity_cpu_cores:sum,moc/smaug,amd64,rhcos,openshift-monitoring/k8s,moc-smaug,936
2022-04-13 12:57:22.563000064+00:00,cluster:capacity_cpu_cores:sum,moc/smaug,amd64,rhcos,openshift-monitoring/k8s,moc-smaug,936
2022-04-13 12:57:52.563000064+00:00,cluster:capacity_cpu_cores:sum,moc/smaug,amd64,rhcos,openshift-monitoring/k8s,moc-smaug,936
2022-04-13 12:58:22.563000064+00:00,cluster:capacity_cpu_cores:sum,moc/smaug,amd64,rhcos,openshift-monitoring/k8s,moc-smaug,936
2022-04-13 12:58:52.563000064+00:00,cluster:capacity_cpu_cores:sum,moc/smaug,amd64,rhcos,openshift-monitoring/k8s,moc-smaug,936
2022-04-13 12:59:22.563000064+00:00,cluster:capacity_cpu_cores:sum,moc/smaug,amd64,rhcos,openshift-monitoring/k8s,moc-smaug,936
2022-04-13 12:59:52.563000064+00:00,cluster:capacity_cpu_cores:sum,moc/smaug,amd64,rhcos,openshift-monitoring/k8s,moc-smaug,936
2022-04-13 13:00:22.563000064+00:00,cluster:capacity_cpu_cores:sum,moc/smaug,amd64,rhcos,openshift-monitoring/k8s,moc-smaug,936
2022-04-13 13:00:52.563000064+00:00,cluster:capacity_cpu_cores:sum,moc/smaug,amd64,rhcos,openshift-monitoring/k8s,moc-smaug,936
2022-04-13 13:01:22.563000064+00:00,cluster:capacity_cpu_cores:sum,moc/smaug,amd64,rhcos,openshift-monitoring/k8s,moc-smaug,936
2022-04-13 13:01:52.563000064+00:00,cluster:capacity_cpu_cores:sum,moc/smaug,amd64,rhcos,openshift-monitoring/k8s,moc-smaug,936
2022-04-13 13:02:22.563000064+00:00,cluster:capacity_cpu_cores:sum,moc/smaug,amd64,rhcos,openshift-monitoring/k8s,moc-smaug,936
2022-04-13 13:02:52.563000064+00:00,cluster:capacity_cpu_cores:sum,moc/smaug,amd64,rhcos,openshift-monitoring/k8s,moc-smaug,936
2022-04-13 13:03:22.563000064+00:00,cluster:capacity_cpu_cores:sum,moc/smaug,amd64,rhcos,openshift-monitoring/k8s,moc-smaug,936
2022-04-13 13:03:52.563000064+00:00,cluster:capacity_cpu_cores:sum,moc/smaug,amd64,rhcos,openshift-monitoring/k8s,moc-smaug,936
2022-04-13 13:04:22.563000064+00:00,cluster:capacity_cpu_cores:sum,moc/smaug,amd64,rhcos,openshift-monitoring/k8s,moc-smaug,936
2022-04-13 13:04:52.563000064+00:00,cluster:capacity_cpu_cores:sum,moc/smaug,amd64,rhcos,openshift-monitoring/k8s,moc-smaug,936
2022-04-13 13:05:22.563000064+00:00,cluster:capacity_cpu_cores:sum,moc/smaug,amd64,rhcos,openshift-monitoring/k8s,moc-smaug,936
2022-04-13 13:05:52.563000064+00:00,cluster:capacity_cpu_cores:sum,moc/smaug,amd64,rhcos,openshift-monitoring/k8s,moc-smaug,936
2022-04-13 13:06:22.563000064+00:00,cluster:capacity_cpu_cores:sum,moc/smaug,amd64,rhcos,openshift-monitoring/k8s,moc-smaug,936
2022-04-13 13:06:52.563000064+00:00,cluster:capacity_cpu_cores:sum,moc/smaug,amd64,rhcos,openshift-monitoring/k8s,moc-smaug,936
2022-04-13 13:07:22.563000064+00:00,cluster:capacity_cpu_cores:sum,moc/smaug,amd64,rhcos,openshift-monitoring/k8s,moc-smaug,936
2022-04-13 13:07:52.563000064+00:00,cluster:capacity_cpu_cores:sum,moc/smaug,amd64,rhcos,openshift-monitoring/k8s,moc-smaug,936
2022-04-13 13:08:22.563000064+00:00,cluster:capacity_cpu_cores:sum,moc/smaug,amd64,rhcos,openshift-monitoring/k8s,moc-smaug,936
2022-04-13 13:08:52.563000064+00:00,cluster:capacity_cpu_cores:sum,moc/smaug,amd64,rhcos,openshift-monitoring/k8s,moc-smaug,936
2022-04-13 13:09:22.563000064+00:00,cluster:capacity_cpu_cores:sum,moc/smaug,amd64,rhcos,openshift-monitoring/k8s,moc-smaug,936
2022-04-13 13:09:52.563000064+00:00,cluster:capacity_cpu_cores:sum,moc/smaug,amd64,rhcos,openshift-monitoring/k8s,moc-smaug,936
2022-04-13 13:10:22.563000064+00:00,cluster:capacity_cpu_cores:sum,moc/smaug,amd64,rhcos,openshift-monitoring/k8s,moc-smaug,936
2022-04-13 13:10:52.563000064+00:00,cluster:capacity_cpu_cores:sum,moc/smaug,amd64,rhcos,openshift-monitoring/k8s,moc-smaug,936
2022-04-13 13:11:22.563000064+00:00,cluster:capacity_cpu_cores:sum,moc/smaug,amd64,rhcos,openshift-monitoring/k8s,moc-smaug,936
2022-04-13 13:11:52.563000064+00:00,cluster:capacity_cpu_cores:sum,moc/smaug,amd64,rhcos,openshift-monitoring/k8s,moc-smaug,936
2022-04-13 13:12:22.563000064+00:00,cluster:capacity_cpu_cores:sum,moc/smaug,amd64,rhcos,openshift-monitoring/k8s,moc-smaug,936
2022-04-13 13:12:52.563000064+00:00,cluster:capacity_cpu_cores:sum,moc/smaug,amd64,rhcos,openshift-monitoring/k8s,moc-smaug,936
2022-04-13 13:13:22.563000064+00:00,cluster:capacity_cpu_cores:sum,moc/smaug,amd64,rhcos,openshift-monitoring/k8s,moc-smaug,936
2022-04-13 13:13:52.563000064+00:00,cluster:capacity_cpu_cores:sum,moc/smaug,amd64,rhcos,openshift-monitoring/k8s,moc-smaug,936
2022-04-13 13:14:22.563000064+00:00,cluster:capacity_cpu_cores:sum,moc/smaug,amd64,rhcos,openshift-monitoring/k8s,moc-smaug,936
2022-04-13 13:14:52.563000064+00:00,cluster:capacity_cpu_cores:sum,moc/smaug,amd64,rhcos,openshift-monitoring/k8s,moc-smaug,936
2022-04-13 13:15:22.563000064+00:00,cluster:capacity_cpu_cores:sum,moc/smaug,amd64,rhcos,openshift-monitoring/k8s,moc-smaug,936
2022-04-13 13:15:52.563000064+00:00,cluster:capacity_cpu_cores:sum,moc/smaug,amd64,rhcos,openshift-monitoring/k8s,moc-smaug,936
2022-04-13 13:16:22.563000064+00:00,cluster:capacity_cpu_cores:sum,moc/smaug,amd64,rhcos,openshift-monitoring/k8s,moc-smaug,936
2022-04-13 13:16:52.563000064+00:00,cluster:capacity_cpu_cores:sum,moc/smaug,amd64,rhcos,openshift-monitoring/k8s,moc-smaug,936
2022-04-13 13:17:22.563000064+00:00,cluster:capacity_cpu_cores:sum,moc/smaug,amd64,rhcos,openshift-monitoring/k8s,moc-smaug,936
2022-04-13 13:17:52.563000064+00:00,cluster:capacity_cpu_cores:sum,moc/smaug,amd64,rhcos,openshift-monitoring/k8s,moc-smaug,936
2022-04-13 13:18:22.563000064+00:00,cluster:capacity_cpu_cores:sum,moc/smaug,amd64,rhcos,openshift-monitoring/k8s,moc-smaug,936
2022-04-13 13:18:52.563000064+00:00,cluster:capacity_cpu_cores:sum,moc/smaug,amd64,rhcos,openshift-monitoring/k8s,moc-smaug,936
2022-04-13 13:19:22.563000064+00:00,cluster:capacity_cpu_cores:sum,moc/smaug,amd64,rhcos,openshift-monitoring/k8s,moc-smaug,936
2022-04-13 13:19:52.563000064+00:00,cluster:capacity_cpu_cores:sum,moc/smaug,amd64,rhcos,openshift-monitoring/k8s,moc-smaug,936
2022-04-13 13:20:22.563000064+00:00,cluster:capacity_cpu_cores:sum,moc/smaug,amd64,rhcos,openshift-monitoring/k8s,moc-smaug,936
2022-04-13 13:20:52.563000064+00:00,cluster:capacity_cpu_cores:sum,moc/smaug,amd64,rhcos,openshift-monitoring/k8s,moc-smaug,936
2022-04-13 13:21:22.563000064+00:00,cluster:capacity_cpu_cores:sum,moc/smaug,amd64,rhcos,openshift-monitoring/k8s,moc-smaug,936
2022-04-13 13:21:52.563000064+00:00,cluster:capacity_cpu_cores:sum,moc/smaug,amd64,rhcos,openshift-monitoring/k8s,moc-smaug,936
2022-04-13 13:22:22.563000064+00:00,cluster:capacity_cpu_cores:sum,moc/smaug,amd64,rhcos,openshift-monitoring/k8s,moc-smaug,936
2022-04-13 13:22:52.563000064+00:00,cluster:capacity_cpu_cores:sum,moc/smaug,amd64,rhcos,openshift-monitoring/k8s,moc-smaug,936
2022-04-13 13:23:22.563000064+00:00,cluster:capacity_cpu_cores:sum,moc/smaug,amd64,rhcos,openshift-monitoring/k8s,moc-smaug,936
2022-04-13 13:23:52.563000064+00:00,cluster:capacity_cpu_cores:sum,moc/smaug,amd64,rhcos,openshift-monitoring/k8s,moc-smaug,936
2022-04-13 13:24:22.563000064+00:00,cluster:capacity_cpu_cores:sum,moc/smaug,amd64,rhcos,openshift-monitoring/k8s,moc-smaug,936
2022-04-13 13:24:52.563000064+00:00,cluster:capacity_cpu_cores:sum,moc/smaug,amd64,rhcos,openshift-monitoring/k8s,moc-smaug,936
2022-04-13 13:25:22.563000064+00:00,cluster:capacity_cpu_cores:sum,moc/smaug,amd64,rhcos,openshift-monitoring/k8s,moc-smaug,936
2022-04-13 13:25:52.563000064+00:00,cluster:capacity_cpu_cores:sum,moc/smaug,amd64,rhcos,openshift-monitoring/k8s,moc-smaug,936
2022-04-13 13:26:22.563000064+00:00,cluster:capacity_cpu_cores:sum,moc/smaug,amd64,rhcos,openshift-monitoring/k8s,moc-smaug,936
2022-04-13 13:26:52.563000064+00:00,cluster:capacity_cpu_cores:sum,moc/smaug,amd64,rhcos,openshift-monitoring/k8s,moc-smaug,936
2022-04-13 13:27:22.563000064+00:00,cluster:capacity_cpu_cores:sum,moc/smaug,amd64,rhcos,openshift-monitoring/k8s,moc-smaug,936
2022-04-13 13:27:52.563000064+00:00,cluster:capacity_cpu_cores:sum,moc/smaug,amd64,rhcos,openshift-monitoring/k8s,moc-smaug,936
2022-04-13 13:28:22.563000064+00:00,cluster:capacity_cpu_cores:sum,moc/smaug,amd64,rhcos,openshift-monitoring/k8s,moc-smaug,936
2022-04-13 13:28:52.563000064+00:00,cluster:capacity_cpu_cores:sum,moc/smaug,amd64,rhcos,openshift-monitoring/k8s,moc-smaug,936
2022-04-13 13:29:22.563000064+00:00,cluster:capacity_cpu_cores:sum,moc/smaug,amd64,rhcos,openshift-monitoring/k8s,moc-smaug,936
2022-04-13 13:29:52.563000064+00:00,cluster:capacity_cpu_cores:sum,moc/smaug,amd64,rhcos,openshift-monitoring/k8s,moc-smaug,936
2022-04-13 13:30:22.563000064+00:00,cluster:capacity_cpu_cores:sum,moc/smaug,amd64,rhcos,openshift-monitoring/k8s,moc-smaug,936
2022-04-13 13:30:52.563000064+00:00,cluster:capacity_cpu_cores:sum,moc/smaug,amd64,rhcos,openshift-monitoring/k8s,moc-smaug,936
2022-04-13 13:31:22.563000064+00:00,cluster:capacity_cpu_cores:sum,moc/smaug,amd64,rhcos,openshift-monitoring/k8s,moc-smaug,936
2022-04-13 13:31:52.563000064+00:00,cluster:capacity_cpu_cores:sum,moc/smaug,amd64,rhcos,openshift-monitoring/k8s,moc-smaug,936
2022-04-13 13:32:22.563000064+00:00,cluster:capacity_cpu_cores:sum,moc/smaug,amd64,rhcos,openshift-monitoring/k8s,moc-smaug,936
2022-04-13 13:32:52.563000064+00:00,cluster:capacity_cpu_cores:sum,moc/smaug,amd64,rhcos,openshift-monitoring/k8s,moc-smaug,936
2022-04-13 13:33:22.563000064+00:00,cluster:capacity_cpu_cores:sum,moc/smaug,amd64,rhcos,openshift-monitoring/k8s,moc-smaug,936
2022-04-13 13:33:52.563000064+00:00,cluster:capacity_cpu_cores:sum,moc/smaug,amd64,rhcos,openshift-monitoring/k8s,moc-smaug,936
2022-04-13 13:34:22.563000064+00:00,cluster:capacity_cpu_cores:sum,moc/smaug,amd64,rhcos,openshift-monitoring/k8s,moc-smaug,936
2022-04-13 13:34:52.563000064+00:00,cluster:capacity_cpu_cores:sum,moc/smaug,amd64,rhcos,openshift-monitoring/k8s,moc-smaug,936
2022-04-13 13:35:22.563000064+00:00,cluster:capacity_cpu_cores:sum,moc/smaug,amd64,rhcos,openshift-monitoring/k8s,moc-smaug,936
2022-04-13 13:35:52.563000064+00:00,cluster:capacity_cpu_cores:sum,moc/smaug,amd64,rhcos,openshift-monitoring/k8s,moc-smaug,936
2022-04-13 13:36:22.563000064+00:00,cluster:capacity_cpu_cores:sum,moc/smaug,amd64,rhcos,openshift-monitoring/k8s,moc-smaug,936
2022-04-13 13:36:52.563000064+00:00,cluster:capacity_cpu_cores:sum,moc/smaug,amd64,rhcos,openshift-monitoring/k8s,moc-smaug,936
2022-04-13 13:37:22.563000064+00:00,cluster:capacity_cpu_cores:sum,moc/smaug,amd64,rhcos,openshift-monitoring/k8s,moc-smaug,936
2022-04-13 13:37:52.563000064+00:00,cluster:capacity_cpu_cores:sum,moc/smaug,amd64,rhcos,openshift-monitoring/k8s,moc-smaug,936
2022-04-13 13:38:22.563000064+00:00,cluster:capacity_cpu_cores:sum,moc/smaug,amd64,rhcos,openshift-monitoring/k8s,moc-smaug,936
2022-04-13 13:38:52.563000064+00:00,cluster:capacity_cpu_cores:sum,moc/smaug,amd64,rhcos,openshift-monitoring/k8s,moc-smaug,936
2022-04-13 13:39:22.563000064+00:00,cluster:capacity_cpu_cores:sum,moc/smaug,amd64,rhcos,openshift-monitoring/k8s,moc-smaug,936
2022-04-13 13:39:52.563000064+00:00,cluster:capacity_cpu_cores:sum,moc/smaug,amd64,rhcos,openshift-monitoring/k8s,moc-smaug,936
2022-04-13 13:40:22.563000064+00:00,cluster:capacity_cpu_cores:sum,moc/smaug,amd64,rhcos,openshift-monitoring/k8s,moc-smaug,936
2022-04-13 13:40:52.563000064+00:00,cluster:capacity_cpu_cores:sum,moc/smaug,amd64,rhcos,openshift-monitoring/k8s,moc-smaug,936
2022-04-13 13:41:22.563000064+00:00,cluster:capacity_cpu_cores:sum,moc/smaug,amd64,rhcos,openshift-monitoring/k8s,moc-smaug,936
2022-04-13 13:41:52.563000064+00:00,cluster:capacity_cpu_cores:sum,moc/smaug,amd64,rhcos,openshift-monitoring/k8s,moc-smaug,936
2022-04-13 13:42:22.563000064+00:00,cluster:capacity_cpu_cores:sum,moc/smaug,amd64,rhcos,openshift-monitoring/k8s,moc-smaug,936
2022-04-13 13:42:52.563000064+00:00,cluster:capacity_cpu_cores:sum,moc/smaug,amd64,rhcos,openshift-monitoring/k8s,moc-smaug,936
2022-04-13 13:43:22.563000064+00:00,cluster:capacity_cpu_cores:sum,moc/smaug,amd64,rhcos,openshift-monitoring/k8s,moc-smaug,936
2022-04-13 13:43:52.563000064+00:00,cluster:capacity_cpu_cores:sum,moc/smaug,amd64,rhcos,openshift-monitoring/k8s,moc-smaug,936
2022-04-13 13:44:22.563000064+00:00,cluster:capacity_cpu_cores:sum,moc/smaug,amd64,rhcos,openshift-monitoring/k8s,moc-smaug,936
2022-04-13 13:44:52.563000064+00:00,cluster:capacity_cpu_cores:sum,moc/smaug,amd64,rhcos,openshift-monitoring/k8s,moc-smaug,936
2022-04-13 13:45:22.563000064+00:00,cluster:capacity_cpu_cores:sum,moc/smaug,amd64,rhcos,openshift-monitoring/k8s,moc-smaug,936
2022-04-13 13:45:52.563000064+00:00,cluster:capacity_cpu_cores:sum,moc/smaug,amd64,rhcos,openshift-monitoring/k8s,moc-smaug,936
2022-04-13 13:46:22.563000064+00:00,cluster:capacity_cpu_cores:sum,moc/smaug,amd64,rhcos,openshift-monitoring/k8s,moc-smaug,936
2022-04-13 13:46:52.563000064+00:00,cluster:capacity_cpu_cores:sum,moc/smaug,amd64,rhcos,openshift-monitoring/k8s,moc-smaug,936
